Date,HomeTeam,AwayTeam,HS,AS,HST,AST,FTHG,FTAG,WRH,WRA,PH,PA,FTR
30/08/14,Chievo,Juventus,7,21,2,3,0,1,0,100,-1,1,A
30/08/14,Roma,Fiorentina,20,10,5,4,2,0,100,0,1,-1,H
31/08/14,Atalanta,Verona,11,9,1,3,0,0,0,0,0,0,D
31/08/14,Cesena,Parma,9,12,5,1,1,0,100,0,1,-1,H
31/08/14,Genoa,Napolri,11,15,5,5,1,2,0,0,-1,0,A
31/08/14,Milan,Lazio,7,19,4,4,3,1,100,0,1,-1,H
31/08/14,Palermo,Sampdoria,8,10,1,3,1,1,0,0,0,0,D
31/08/14,Sassuolo,Cagliari,13,10,5,4,1,1,0,0,0,0,D
31/08/14,Torino,Inter,11,14,2,2,0,0,0,0,0,0,D
31/08/14,Udinese,Empoli,15,13,5,2,2,0,100,0,1,-1,H
13/09/14,Empoli,Roma,17,5,3,2,0,1,0,100,-2,2,A
13/09/14,Juventus,Udinese,18,9,7,1,2,0,100,50,2,0,H
14/09/14,Cagliari,Atalanta,19,7,9,3,1,2,0,50,-1,1,A
14/09/14,Fiorentina,Genoa,22,6,7,1,0,0,0,0,-1,-1,D
14/09/14,Inter,Sassuolo,22,14,11,2,7,0,50,0,1,-1,H
14/09/14,Lazio,Cesena,17,7,6,1,3,0,50,50,0,0,H
14/09/14,Napoli,Chievo,33,8,9,1,0,1,0,50,-1,0,A
14/09/14,Parma,Milan,11,11,3,7,4,5,0,100,-2,2,A
14/09/14,Sampdoria,Torino,8,10,4,0,2,0,50,0,1,-1,H
15/09/14,Verona,Palermo,14,18,5,4,2,1,50,0,1,-1,H
20/09/14,Cesena,Empoli,8,18,5,6,2,2,33,0,0,-2,D
20/09/14,Milan,Juventus,9,14,3,4,0,1,66,100,1,3,A
21/09/14,Atalanta,Fiorentina,23,16,6,6,0,1,33,33,0,0,A
21/09/14,Chievo,Parma,11,12,4,4,2,3,33,33,-1,-1,A
21/09/14,Genoa,Lazio,9,17,4,7,1,0,33,33,0,-1,H
21/09/14,Palermo,Inter,13,13,2,3,1,1,0,33,-1,1,D
21/09/14,Roma,Cagliari,7,9,3,2,2,0,100,0,3,-2,H
21/09/14,Sassuolo,Sampdoria,14,12,5,3,0,0,0,33,-1,1,D
21/09/14,Torino,Verona,22,11,4,2,0,1,0,66,-2,2,A
21/09/14,Udinese,Napoli,9,10,3,3,1,0,66,0,1,-2,H
23/09/14,Empoli,Milan,13,15,6,6,2,2,0,50,-2,1,D
24/09/14,Cagliari,Torino,11,12,5,4,1,2,0,25,-3,-1,A
24/09/14,Fiorentina,Sassuolo,18,5,2,0,0,0,25,0,0,-1,D
24/09/14,Inter,Atalanta,21,14,6,2,2,0,50,25,2,-1,H
24/09/14,Juventus,Cesena,29,1,13,1,3,0,100,25,4,-1,H
24/09/14,Napoli,Palermo,16,10,8,6,3,3,0,0,-2,-1,D
24/09/14,Parma,Roma,6,13,4,4,1,2,25,100,-2,4,A
24/09/14,Sampdoria,Chievo,16,5,5,3,2,1,50,25,2,-2,H
24/09/14,Verona,Genoa,16,16,7,9,2,2,50,25,2,0,D
25/09/14,Lazio,Udinese,18,5,8,2,0,1,25,75,-2,2,A
27/09/14,Atalanta,Juventus,10,16,1,7,0,3,20,100,-2,5,A
27/09/14,Roma,Verona,23,9,6,3,2,0,100,40,5,1,H
28/09/14,Cesena,Milan,10,11,2,4,1,1,20,40,-1,1,D
28/09/14,Chievo,Empoli,18,6,5,3,1,1,20,0,-2,-2,D
28/09/14,Genoa,Sampdoria,7,10,4,1,0,1,20,60,-1,3,A
28/09/14,Inter,Cagliari,15,16,5,7,1,4,40,20,1,-2,A
28/09/14,Sassuolo,Napoli,11,11,1,3,0,1,0,25,-2,-1,A
28/09/14,Torino,Fiorentina,15,19,3,7,1,1,20,20,-1,0,D
29/09/14,Palermo,Lazio,17,15,4,10,0,4,0,40,-2,-1,A
29/09/14,Udinese,Parma,12,18,5,6,4,2,80,20,3,-3,H
04/10/14,Milan,Chievo,22,10,4,2,2,0,50,16,1,-2,H
04/10/14,Verona,Cagliari,13,19,5,7,1,0,50,16,2,-3,H
05/10/14,Empoli,Palermo,20,7,11,2,3,0,16,0,0,-3,H
05/10/14,Fiorentina,Inter,15,14,8,4,3,0,33,33,2,0,H
05/10/14,Juventus,Roma,20,8,5,2,3,2,100,83,5,3,H
05/10/14,Lazio,Sassuolo,13,12,9,6,3,2,50,0,1,-3,H
05/10/14,Napoli,Torino,24,5,9,2,2,1,40,16,0,-2,H
05/10/14,Parma,Genoa,12,13,3,5,1,2,16,33,-3,1,A
05/10/14,Sampdoria,Atalanta,16,8,3,1,1,0,66,16,4,-3,H
05/10/14,Udinese,Cesena,14,7,3,5,1,1,66,16,2,-2,D
18/10/14,Roma,Chievo,14,11,8,3,3,0,85,14,3,-4,H
18/10/14,Sassuolo,Juventus,7,19,2,7,1,1,0,85,-2,4,D
19/10/14,Atalanta,Parma,18,6,3,1,1,0,28,14,-3,-3,H
19/10/14,Cagliari,Sampdoria,13,13,4,8,2,2,14,57,-2,3,D
19/10/14,Fiorentina,Lazio,15,10,2,5,0,2,28,57,1,1,A
19/10/14,Inter,Napoli,22,12,5,4,2,2,28,33,-1,1,D
19/10/14,Palermo,Cesena,12,4,4,2,2,1,14,14,-1,-2,H
19/10/14,Torino,Udinese,23,11,5,3,1,0,28,57,0,2,H
19/10/14,Verona,Milan,22,12,8,5,1,3,42,57,0,1,A
20/10/14,Genoa,Empoli,13,9,3,4,1,1,28,14,1,1,D
25/10/14,Empoli,Cagliari,9,15,5,6,0,4,12,25,0,0,A
25/10/14,Parma,Sassuolo,11,8,4,3,1,3,12,12,-5,-1,A
25/10/14,Sampdoria,Roma,9,20,2,4,0,0,50,75,3,2,D
26/10/14,Cesena,Inter,8,18,2,6,0,1,12,37,-3,0,A
26/10/14,Chievo,Genoa,13,13,5,4,1,2,12,37,-4,1,A
26/10/14,Juventus,Palermo,20,6,5,1,2,0,87,12,4,-2,H
26/10/14,Lazio,Torino,12,15,7,4,2,1,62,25,3,0,H
26/10/14,Milan,Fiorentina,15,12,2,2,1,1,50,25,2,0,D
26/10/14,Napoli,Verona,26,8,16,6,6,2,42,37,3,-2,H
26/10/14,Udinese,Atalanta,15,14,4,3,2,0,62,25,2,-3,H
28/10/14,Sassuolo,Empoli,23,16,6,6,3,1,22,11,0,-1,H
29/10/14,Atalanta,Napoli,7,18,2,6,1,1,22,37,-2,3,D
29/10/14,Cagliari,Milan,16,13,5,3,1,1,22,44,1,2,D
29/10/14,Fiorentina,Udinese,27,5,9,1,3,0,33,55,1,0,H
29/10/14,Genoa,Juventus,4,16,3,4,1,0,44,77,2,2,H
29/10/14,Inter,Sampdoria,17,10,5,4,1,0,44,44,0,1,H
29/10/14,Palermo,Chievo,16,15,6,3,1,0,22,11,-1,-4,H
29/10/14,Roma,Cesena,16,4,6,1,2,0,77,11,2,-3,H
29/10/14,Torino,Parma,15,10,5,2,1,0,33,11,0,-5,H
30/10/14,Verona,Lazio,11,10,3,3,1,1,33,55,-2,4,D
01/11/14,Empoli,Juventus,12,18,4,7,0,2,10,80,-2,2,A
01/11/14,Napoli,Roma,15,8,6,2,2,0,44,70,3,0,H
01/11/14,Parma,Inter,11,14,4,1,2,0,20,40,-3,0,H
02/11/14,Chievo,Sassuolo,12,9,1,3,0,0,10,20,-4,1,D
02/11/14,Milan,Palermo,14,13,3,7,0,2,40,30,1,1,A
02/11/14,Sampdoria,Fiorentina,12,16,6,5,3,1,50,30,1,0,H
02/11/14,Torino,Atalanta,20,7,2,1,0,0,30,20,0,-1,D
02/11/14,Udinese,Genoa,15,13,2,6,2,4,50,50,-2,4,A
03/11/14,Cesena,Verona,8,11,4,2,1,1,10,30,-3,-1,D
03/11/14,Lazio,Cagliari,11,9,5,4,4,2,60,20,4,-1,H
08/11/14,Sampdoria,Milan,19,10,8,3,2,2,45,36,0,0,D
08/11/14,Sassuolo,Atalanta,14,10,5,0,0,0,18,18,2,0,D
09/11/14,Cagliari,Genoa,13,9,5,5,1,1,18,45,0,3,D
09/11/14,Chievo,Cesena,19,9,6,3,2,1,18,9,-2,-4,H
09/11/14,Empoli,Lazio,7,7,2,1,2,1,18,54,-2,2,H
09/11/14,Fiorentina,Napoli,14,19,2,5,0,1,27,50,-2,3,A
09/11/14,Inter,Verona,18,17,4,5,2,2,36,27,1,-2,D
09/11/14,Juventus,Parma,22,4,11,1,7,0,81,18,2,-3,H
09/11/14,Palermo,Udinese,20,12,4,6,1,1,27,45,2,-2,D
09/11/14,Roma,Torino,14,12,8,4,3,0,72,27,2,0,H
22/11/14,Atalanta,Roma,9,6,1,2,1,2,16,75,-2,2,A
22/11/14,Lazio,Juventus,14,10,4,4,0,3,50,83,0,3,A
23/11/14,Cesena,Sampdoria,8,19,3,6,1,1,8,41,-3,0,D
23/11/14,Milan,Inter,10,8,2,3,1,1,33,33,-1,1,D
23/11/14,Napoli,Cagliari,14,11,6,8,3,3,45,16,3,0,D
23/11/14,Parma,Empoli,10,6,2,5,0,2,16,25,-3,-1,A
23/11/14,Torino,Sassuolo,12,14,5,6,0,1,25,25,-2,3,A
23/11/14,Udinese,Chievo,9,14,3,5,1,1,41,16,-1,-1,D
23/11/14,Verona,Fiorentina,10,14,3,6,1,2,25,33,-2,0,A
24/11/14,Genoa,Palermo,15,11,2,5,1,1,41,25,3,1,D
29/11/14,Chievo,Lazio,8,12,2,4,0,0,15,46,0,-1,D
29/11/14,Sassuolo,Verona,17,11,4,1,2,1,30,23,3,-2,H
30/11/14,Cagliari,Fiorentina,14,17,5,7,0,4,15,38,-2,1,A
30/11/14,Cesena,Genoa,11,15,3,5,0,3,7,46,-3,3,A
30/11/14,Empoli,Atalanta,21,6,4,1,0,0,23,15,0,-1,D
30/11/14,Juventus,Torino,16,16,3,5,2,1,84,23,3,-2,H
30/11/14,Milan,Udinese,18,6,6,0,2,0,38,38,0,-3,H
30/11/14,Palermo,Parma,15,14,4,5,2,1,30,15,3,-3,H
30/11/14,Roma,Inter,18,10,6,4,4,2,76,30,3,-1,H
01/12/14,Sampdoria,Napoli,14,14,3,2,1,1,38,41,0,2,D
05/12/14,Fiorentina,Juventus,9,10,1,3,0,0,35,78,0,4,D
06/12/14,Roma,Sassuolo,21,6,5,3,2,2,71,28,2,2,D
06/12/14,Torino,Palermo,20,7,6,3,2,2,21,28,-3,2,D
07/12/14,Atalanta,Cesena,20,8,6,3,3,2,21,7,0,-3,H
07/12/14,Genoa,Milan,13,15,4,6,1,0,50,35,3,-1,H
07/12/14,Inter,Udinese,16,16,2,6,1,2,28,42,-3,-1,A
07/12/14,Napoli,Empoli,20,10,10,4,2,2,38,21,2,1,D
07/12/14,Parma,Lazio,8,15,1,5,1,2,14,50,-3,0,A
08/12/14,Cagliari,Chievo,10,10,1,5,0,2,14,21,-3,2,A
08/12/14,Verona,Sampdoria,15,13,6,7,1,3,21,42,-3,2,A
13/12/14,Lazio,Atalanta,23,6,9,1,3,0,53,20,0,-1,H
13/12/14,Palermo,Sassuolo,13,14,4,7,2,1,33,26,2,1,H
14/12/14,Cesena,Fiorentina,5,15,0,6,1,4,6,40,-4,2,A
14/12/14,Genoa,Roma,7,19,1,6,0,1,46,73,1,4,A
14/12/14,Juventus,Sampdoria,19,10,8,3,1,1,73,40,3,1,D
14/12/14,Milan,Napoli,11,14,3,7,2,0,40,35,1,0,H
14/12/14,Parma,Cagliari,6,12,0,3,0,0,13,13,-4,-2,D
14/12/14,Udinese,Verona,13,9,6,4,1,2,40,26,-1,-2,A
15/12/14,Chievo,Inter,8,18,3,8,0,2,20,33,1,-1,A
15/12/14,Empoli,Torino,17,10,3,3,0,0,20,20,2,-3,D
18/12/14,Cagliari,Juventus,16,13,2,7,1,3,12,75,-3,3,A
18/12/14,Napoli,Parma,18,3,7,0,2,0,40,12,0,-4,H
20/12/14,Roma,Milan,16,9,5,7,0,0,68,37,3,1,D
20/12/14,Sassuolo,Cesena,17,6,9,2,1,1,25,6,1,-3,D
21/12/14,Atalanta,Palermo,13,15,5,5,3,3,18,31,-1,2,D
21/12/14,Fiorentina,Empoli,18,9,6,4,1,1,37,18,3,1,D
21/12/14,Inter,Lazio,16,5,6,2,2,2,31,50,-1,1,D
21/12/14,Sampdoria,Udinese,20,8,5,4,2,2,37,37,1,-1,D
21/12/14,Torino,Genoa,10,12,4,4,2,1,25,43,-1,0,H
21/12/14,Verona,Chievo,12,10,1,4,0,1,25,25,-3,1,A
05/01/15,Lazio,Sampdoria,21,2,8,1,3,0,52,35,3,0,H
06/01/15,Cesena,Napoli,10,16,3,6,1,4,5,43,-4,1,A
06/01/15,Chievo,Torino,18,8,6,3,0,0,23,23,1,0,D
06/01/15,Empoli,Verona,19,10,5,5,0,0,17,23,0,-2,D
06/01/15,Genoa,Atalanta,17,7,7,6,2,2,41,17,0,0,D
06/01/15,Juventus,Inter,11,13,5,2,1,1,70,29,2,-1,D
06/01/15,Milan,Sassuolo,13,8,4,2,1,2,35,29,0,1,A
06/01/15,Palermo,Cagliari,16,11,7,2,5,0,35,11,3,-4,H
06/01/15,Parma,Fiorentina,6,17,2,7,1,0,17,35,-2,1,H
06/01/15,Udinese,Roma,8,13,2,7,0,1,35,70,-2,3,A
10/01/15,Sassuolo,Udinese,18,6,2,3,1,1,27,33,0,-1,D
10/01/15,Torino,Milan,26,8,5,1,1,1,22,33,1,-1,D
11/01/15,Atalanta,Chievo,16,11,6,4,1,1,16,22,0,1,D
11/01/15,Cagliari,Cesena,9,16,6,5,2,1,16,5,-2,-4,H
11/01/15,Fiorentina,Palermo,22,7,8,5,4,3,38,33,1,1,H
11/01/15,Inter,Genoa,16,13,7,6,3,1,33,38,1,-2,H
11/01/15,Napoli,Juventus,10,8,2,5,1,3,41,72,0,2,A
11/01/15,Roma,Lazio,11,13,4,7,2,2,66,50,2,3,D
11/01/15,Sampdoria,Empoli,17,7,6,2,1,0,38,16,1,-1,H
11/01/15,Verona,Parma,11,9,6,2,3,1,27,16,0,-2,H
17/01/15,Empoli,Inter,18,8,5,1,0,0,15,31,-1,2,D
17/01/15,Palermo,Roma,6,12,3,3,1,1,31,63,1,2,D
18/01/15,Cesena,Torino,13,8,4,4,2,3,5,26,-4,2,A
18/01/15,Chievo,Fiorentina,18,21,7,6,1,2,21,42,-1,2,A
18/01/15,Genoa,Sassuolo,13,15,7,9,3,3,36,26,-3,0,D
18/01/15,Juventus,Verona,18,5,8,1,4,0,73,26,3,0,H
18/01/15,Lazio,Napoli,21,9,3,5,0,1,47,44,1,1,A
18/01/15,Milan,Atalanta,15,15,4,5,0,1,31,21,-1,0,A
18/01/15,Parma,Sampdoria,8,14,1,5,0,2,15,42,-2,1,A
18/01/15,Udinese,Cagliari,12,12,3,6,2,2,31,15,-2,-1,D
24/01/15,Cagliari,Sassuolo,10,13,4,3,2,1,20,25,0,0,H
24/01/15,Lazio,Milan,18,2,6,2,3,1,50,30,1,-3,H
25/01/15,Fiorentina,Roma,18,15,3,6,1,1,40,60,1,1,D
25/01/15,Inter,Torino,14,9,2,2,0,1,30,30,0,3,A
25/01/15,Juventus,Chievo,29,8,8,1,2,0,75,20,4,-1,H
25/01/15,Parma,Cesena,18,10,2,5,1,2,15,10,-3,-2,A
25/01/15,Sampdoria,Palermo,14,16,6,6,1,1,40,30,1,0,D
25/01/15,Verona,Atalanta,17,16,6,3,1,0,30,20,0,0,H
26/01/15,Empoli,Udinese,17,10,4,3,1,2,15,35,-2,0,A
26/01/15,Napoli,Genoa,16,12,5,5,2,1,47,35,3,-3,H
31/01/15,Genoa,Fiorentina,14,9,4,5,1,1,33,38,-2,1,D
31/01/15,Roma,Empoli,20,7,3,1,1,1,57,14,1,-2,D
01/02/15,Atalanta,Cagliari,14,13,6,6,2,1,23,19,1,0,H
01/02/15,Cesena,Lazio,13,10,4,6,2,1,14,47,-1,0,H
01/02/15,Chievo,Napoli,16,12,3,4,1,2,19,50,-3,3,A
01/02/15,Milan,Parma,17,13,9,5,3,1,33,14,-2,-3,H
01/02/15,Palermo,Verona,14,11,5,4,2,1,33,28,1,0,H
01/02/15,Sassuolo,Inter,10,15,4,4,3,1,28,28,1,-1,H
01/02/15,Torino,Sampdoria,18,12,9,1,5,1,33,38,3,0,H
01/02/15,Udinese,Juventus,11,13,2,2,0,0,33,71,0,3,D
07/02/15,Juventus,Milan,20,11,8,3,3,1,72,31,4,-2,H
07/02/15,Verona,Torino,17,13,5,5,1,3,27,36,-1,4,A
08/02/15,Cagliari,Roma,17,11,6,6,1,2,18,59,0,1,A
08/02/15,Empoli,Cesena,14,10,5,2,2,0,18,13,-1,-1,H
08/02/15,Fiorentina,Atalanta,18,12,8,4,3,2,40,22,3,0,H
08/02/15,Inter,Palermo,17,8,5,1,3,0,31,31,0,-1,H
08/02/15,Napoli,Udinese,10,11,4,3,3,1,52,31,3,0,H
08/02/15,Sampdoria,Sassuolo,10,19,5,4,1,1,36,27,1,0,D
09/02/15,Lazio,Genoa,7,9,1,5,0,1,45,36,-2,-1,A
11/02/15,Parma,Chievo,10,14,2,3,0,1,13,22,-5,-2,A
14/02/15,Palermo,Napoli,7,8,4,3,3,1,34,50,1,3,H
14/02/15,Sassuolo,Fiorentina,15,15,6,10,1,3,26,43,-1,3,A
15/02/15,Atalanta,Inter,9,18,2,7,1,4,21,34,-1,0,A
15/02/15,Cesena,Juventus,12,15,6,4,2,2,13,69,0,3,D
15/02/15,Chievo,Sampdoria,8,13,4,3,2,1,26,34,-1,-1,H
15/02/15,Genoa,Verona,11,12,6,6,5,2,39,26,1,-3,H
15/02/15,Milan,Empoli,7,16,2,3,1,1,30,17,-2,0,D
15/02/15,Roma,Parma,19,5,4,0,0,0,56,13,1,-4,D
15/02/15,Torino,Cagliari,17,11,7,3,1,1,34,17,4,-1,D
15/02/15,Udinese,Lazio,12,12,6,2,0,1,30,47,-1,-1,A
20/02/15,Juventus,Atalanta,13,11,6,3,2,1,70,20,3,-3,H
22/02/15,Empoli,Chievo,15,10,5,3,3,0,20,25,1,-1,H
22/02/15,Fiorentina,Torino,23,11,4,5,1,1,41,33,2,3,D
22/02/15,Lazio,Palermo,16,9,8,6,2,1,50,33,1,0,H
22/02/15,Milan,Cesena,14,10,2,2,2,0,33,12,0,0,H
22/02/15,Verona,Roma,8,16,2,7,1,1,25,54,-2,1,D
23/02/15,Cagliari,Inter,13,19,5,9,1,2,16,37,-2,1,A
23/02/15,Napoli,Sassuolo,14,10,3,1,2,0,52,25,3,-2,H
24/02/15,Sampdoria,Genoa,9,17,3,4,1,1,33,37,-2,1,D
28/02/15,Chievo,Milan,11,11,3,2,0,0,24,32,0,1,D
01/03/15,Atalanta,Sampdoria,14,21,3,7,1,2,20,36,-3,-1,A
01/03/15,Cagliari,Verona,22,5,5,3,1,2,16,28,-4,-2,A
01/03/15,Cesena,Udinese,17,10,3,3,1,0,16,29,0,-2,H
01/03/15,Inter,Fiorentina,12,8,5,4,0,1,36,44,1,3,A
01/03/15,Palermo,Empoli,17,15,3,3,0,0,32,20,0,2,D
01/03/15,Sassuolo,Lazio,10,18,4,6,0,3,24,52,-2,1,A
01/03/15,Torino,Napoli,10,15,4,3,1,0,36,50,3,1,H
02/03/15,Roma,Juventus,8,10,3,1,1,1,52,68,1,2,D
07/03/15,Milan,Verona,18,13,4,4,2,2,30,26,0,-1,D
07/03/15,Sampdoria,Cagliari,17,10,5,4,2,0,38,15,1,-4,H
08/03/15,Cesena,Palermo,3,7,2,1,0,0,15,30,-1,-1,D
08/03/15,Chievo,Roma,11,11,2,3,0,0,23,50,1,1,D
08/03/15,Empoli,Genoa,6,15,2,2,1,1,19,36,2,2,D
08/03/15,Napoli,Inter,17,13,7,5,2,2,48,34,0,2,D
08/03/15,Parma,Atalanta,14,8,4,2,0,0,12,19,-3,-4,D
08/03/15,Udinese,Torino,12,14,3,7,3,2,32,34,-2,1,H
09/03/15,Juventus,Sassuolo,16,2,4,1,1,0,69,23,3,-4,H
09/03/15,Lazio,Fiorentina,16,6,13,0,4,0,53,42,3,2,H
14/03/15,Cagliari,Empoli,16,13,5,2,1,1,14,18,-3,1,D
14/03/15,Palermo,Juventus,7,12,0,3,0,1,29,70,-1,3,A
15/03/15,Atalanta,Udinese,19,8,5,0,0,0,18,30,-3,-2,D
15/03/15,Genoa,Chievo,19,15,3,6,0,2,34,25,1,1,A
15/03/15,Inter,Cesena,20,9,4,1,1,1,33,14,1,0,D
15/03/15,Sassuolo,Parma,15,8,7,3,4,1,25,12,-3,-3,H
15/03/15,Verona,Napoli,12,16,5,7,2,0,29,46,1,-2,H
16/03/15,Fiorentina,Milan,18,6,5,2,2,1,44,29,2,0,H
16/03/15,Roma,Sampdoria,17,8,9,2,0,2,48,40,-1,2,A
16/03/15,Torino,Lazio,9,16,2,6,0,2,33,55,-1,5,A
21/03/15,Chievo,Palermo,14,19,5,4,1,0,28,28,1,-3,H
21/03/15,Milan,Cagliari,14,11,7,1,3,1,32,14,1,-4,H
22/03/15,Cesena,Roma,7,15,1,4,0,1,14,50,-1,0,A
22/03/15,Empoli,Sassuolo,14,10,6,1,3,1,21,25,2,-3,H
22/03/15,Juventus,Genoa,13,9,4,1,1,0,71,33,4,-1,H
22/03/15,Lazio,Verona,21,2,6,0,2,0,57,28,5,1,H
22/03/15,Napoli,Atalanta,20,9,9,3,1,1,44,17,-1,-2,D
22/03/15,Parma,Torino,16,15,1,5,0,2,11,35,-3,0,A
22/03/15,Sampdoria,Inter,10,12,2,2,1,0,42,32,4,-1,H
22/03/15,Udinese,Fiorentina,11,13,5,5,2,2,29,42,-1,1,D
04/04/15,Atalanta,Torino,12,11,4,7,1,2,17,37,-2,1,A
04/04/15,Cagliari,Lazio,10,14,3,10,1,3,13,58,-4,5,A
04/04/15,Fiorentina,Sampdoria,20,9,5,0,2,0,44,41,2,3,H
04/04/15,Genoa,Udinese,13,14,5,6,1,1,32,28,-2,0,D
04/04/15,Inter,Parma,18,13,6,2,1,1,31,11,-2,-2,D
04/04/15,Juventus,Empoli,16,12,7,4,2,0,72,20,4,0,H
04/04/15,Palermo,Milan,16,13,3,5,1,2,27,34,-3,1,A
04/04/15,Roma,Napoli,7,13,2,5,1,0,51,42,1,-3,H
04/04/15,Sassuolo,Chievo,7,14,2,3,1,0,27,27,-1,1,H
04/04/15,Verona,Cesena,15,20,5,8,3,3,27,13,1,0,D
08/04/15,Parma,Udinese,17,7,7,0,1,0,14,27,-1,0,H
11/04/15,Genoa,Cagliari,19,14,6,6,2,0,34,13,-1,-4,H
11/04/15,Parma,Juventus,9,19,1,3,1,0,17,70,0,3,H
11/04/15,Verona,Inter,18,12,5,2,0,3,26,33,-1,0,A
12/04/15,Atalanta,Sassuolo,11,7,5,2,2,1,20,26,0,-1,H
12/04/15,Cesena,Chievo,16,16,1,5,0,1,13,30,-2,2,A
12/04/15,Lazio,Empoli,9,12,6,5,4,0,60,20,5,-1,H
12/04/15,Milan,Sampdoria,26,11,6,3,1,1,33,40,1,2,D
12/04/15,Napoli,Fiorentina,11,6,6,0,3,0,44,43,-1,0,H
12/04/15,Torino,Roma,14,22,2,6,1,1,36,50,0,1,D
12/04/15,Udinese,Palermo,11,11,1,5,1,3,26,30,-2,-2,A
15/04/15,Genoa,Parma,15,9,4,3,2,0,36,16,0,0,H
18/04/15,Juventus,Lazio,8,17,4,4,2,0,71,58,3,3,H
18/04/15,Sampdoria,Cesena,18,5,3,3,0,0,38,12,1,-2,D
19/04/15,Cagliari,Napoli,7,14,3,5,0,3,12,46,-4,0,A
19/04/15,Chievo,Udinese,15,8,7,1,1,1,29,25,2,-2,D
19/04/15,Empoli,Parma,12,15,5,5,2,2,19,16,-1,1,D
19/04/15,Inter,Milan,17,7,3,3,0,0,32,32,0,1,D
19/04/15,Palermo,Genoa,14,10,7,1,2,1,32,35,-1,0,H
19/04/15,Roma,Atalanta,17,5,7,3,1,1,48,19,1,0,D
19/04/15,Sassuolo,Torino,9,21,1,8,1,1,25,35,0,1,D
20/04/15,Fiorentina,Verona,21,12,3,4,0,1,41,29,0,0,A
25/04/15,Inter,Roma,11,11,3,4,2,1,34,46,1,1,H
25/04/15,Udinese,Milan,20,6,5,1,2,1,28,31,-1,1,H
26/04/15,Atalanta,Empoli,16,21,5,10,2,2,18,18,0,-1,D
26/04/15,Fiorentina,Cagliari,19,15,2,7,1,3,40,15,-2,-3,A
26/04/15,Genoa,Cesena,19,13,5,4,3,1,37,12,2,-3,H
26/04/15,Lazio,Chievo,23,7,7,1,1,1,56,28,2,1,D
26/04/15,Napoli,Sampdoria,27,9,11,2,4,2,48,37,2,-1,H
26/04/15,Parma,Palermo,8,13,5,3,1,0,18,31,2,-1,H
26/04/15,Torino,Juventus,11,19,3,5,2,1,37,68,3,1,H
26/04/15,Verona,Sassuolo,15,18,9,7,3,2,31,25,0,-2,H
28/04/15,Udinese,Inter,9,22,1,11,1,2,27,36,-2,3,A
29/04/15,Cesena,Atalanta,10,16,5,7,2,2,12,18,-2,0,D
29/04/15,Chievo,Cagliari,10,10,3,1,1,0,30,15,1,-3,H
29/04/15,Juventus,Fiorentina,12,14,5,2,3,2,69,39,1,-3,H
29/04/15,Lazio,Parma,11,11,7,3,4,0,57,18,2,0,H
29/04/15,Milan,Genoa,11,17,5,9,1,3,30,39,-1,3,A
29/04/15,Palermo,Torino,16,14,3,4,2,2,30,36,0,2,D
29/04/15,Sampdoria,Verona,20,11,5,4,1,1,36,30,-2,1,D
29/04/15,Sassuolo,Roma,11,8,6,5,0,3,24,48,-2,1,A
30/04/15,Empoli,Napoli,10,14,4,5,4,2,21,46,-1,1,H
02/05/15,Sampdoria,Juventus,18,14,2,5,0,1,35,70,-2,1,A
02/05/15,Sassuolo,Palermo,6,13,2,2,0,0,23,29,-3,1,D
03/05/15,Atalanta,Lazio,16,13,6,5,1,1,17,55,1,1,D
03/05/15,Fiorentina,Cesena,23,13,12,1,3,1,41,11,-3,-3,H
03/05/15,Inter,Chievo,23,11,3,4,0,0,35,29,3,2,D
03/05/15,Napoli,Milan,27,2,7,1,3,0,48,29,3,-3,H
03/05/15,Roma,Genoa,15,10,6,3,2,0,50,38,1,1,H
03/05/15,Verona,Udinese,15,20,3,5,0,1,29,29,0,0,A
04/05/15,Cagliari,Parma,11,21,7,3,4,0,17,17,-1,-2,H
06/05/15,Torino,Empoli,19,20,5,6,0,1,35,23,0,1,A
09/05/15,Juventus,Cagliari,13,15,4,6,1,1,68,17,2,0,D
09/05/15,Milan,Roma,11,15,4,3,2,1,31,48,-2,0,H
10/05/15,Cesena,Sassuolo,12,12,6,7,2,3,11,25,-3,-1,A
10/05/15,Chievo,Verona,18,14,3,3,2,2,28,28,1,1,D
10/05/15,Empoli,Fiorentina,16,11,3,5,2,3,22,42,1,-1,A
10/05/15,Lazio,Inter,12,14,6,7,1,2,54,37,-1,3,A
10/05/15,Palermo,Atalanta,24,10,8,7,2,3,28,20,-1,1,A
10/05/15,Parma,Napoli,13,23,5,12,2,2,17,47,-1,2,D
10/05/15,Udinese,Sampdoria,15,20,3,11,1,4,28,37,0,-1,A
11/05/15,Genoa,Torino,13,9,8,4,5,1,40,34,1,-1,H
16/05/15,Inter,Juventus,20,14,7,4,1,2,36,69,2,2,A
16/05/15,Sampdoria,Lazio,8,14,1,2,0,1,36,55,-2,1,A
17/05/15,Atalanta,Genoa,17,13,6,7,1,4,19,41,0,3,A
17/05/15,Cagliari,Palermo,19,17,7,6,0,1,16,30,0,-1,A
17/05/15,Roma,Udinese,19,8,6,3,2,1,50,27,1,-1,H
17/05/15,Sassuolo,Milan,6,11,5,3,3,2,27,30,0,-3,H
17/05/15,Torino,Chievo,25,7,9,1,2,0,36,27,0,0,H
17/05/15,Verona,Empoli,14,16,4,6,2,1,30,22,1,0,H
18/05/15,Fiorentina,Parma,22,17,10,4,3,0,44,16,1,-2,H
18/05/15,Napoli,Cesena,15,7,4,4,3,2,48,11,2,-4,H
23/05/15,Genoa,Inter,17,16,7,5,3,2,43,35,3,0,H
23/05/15,Juventus,Napoli,13,19,5,7,3,1,70,47,4,0,H
24/05/15,Cesena,Cagliari,11,13,2,4,0,1,10,18,-4,0,A
24/05/15,Chievo,Atalanta,14,11,8,3,1,1,27,18,0,0,D
24/05/15,Empoli,Sampdoria,18,11,4,5,1,1,21,35,0,-1,D
24/05/15,Milan,Torino,15,14,5,3,3,0,32,35,-1,-2,H
24/05/15,Palermo,Fiorentina,9,10,5,4,2,3,29,45,-1,3,A
24/05/15,Parma,Verona,10,8,7,4,2,2,16,29,-3,0,D
24/05/15,Udinese,Sassuolo,15,12,3,3,0,1,27,29,-3,2,A
25/05/15,Lazio,Roma,16,6,3,2,1,2,54,51,0,3,A
30/05/15,Atalanta,Milan,16,9,1,5,1,3,18,34,-1,1,A
30/05/15,Verona,Juventus,15,16,4,4,2,2,28,68,0,3,D
31/05/15,Cagliari,Udinese,14,11,5,6,4,3,21,26,2,-3,H
31/05/15,Fiorentina,Chievo,26,13,13,2,3,0,47,26,5,-2,H
31/05/15,Inter,Empoli,32,11,9,5,4,3,36,21,0,-2,H
31/05/15,Napoli,Lazio,17,7,7,5,2,4,45,55,0,0,A
31/05/15,Roma,Palermo,7,12,2,3,1,2,50,31,1,0,A
31/05/15,Sampdoria,Parma,17,10,7,3,2,2,34,15,-1,-2,D
31/05/15,Sassuolo,Genoa,16,17,6,7,3,1,31,42,4,1,H
31/05/15,Torino,Cesena,18,7,9,1,5,0,36,10,-1,-5,H
22/08/15,Lazio,Bologna,21,9,9,4,2,1,56,0,1,-1,H
22/08/15,Verona,Roma,12,21,7,8,1,1,28,48,1,0,D
23/08/15,Empoli,Chievo,15,12,5,3,1,3,20,28,-4,-1,A
23/08/15,Fiorentina,Milan,13,8,7,0,2,0,48,33,5,1,H
23/08/15,Frosinone,Torino,13,26,3,7,1,2,0,38,-1,1,A
23/08/15,Inter,Atalanta,21,4,7,0,1,0,38,17,1,-2,H
23/08/15,Juventus,Udinese,21,6,5,2,0,1,66,28,1,-3,A
23/08/15,Palermo,Genoa,19,11,6,3,1,0,33,41,1,1,H
23/08/15,Sampdoria,Carpi,10,24,7,7,5,2,35,0,1,-1,H
23/08/15,Sassuolo,Napoli,16,15,6,3,2,1,33,44,5,-2,H
29/08/15,Bologna,Sassuolo,6,9,2,2,0,1,0,35,-2,5,A
29/08/15,Milan,Empoli,6,18,4,3,2,1,35,20,1,-4,H
30/08/15,Atalanta,Frosinone,25,14,11,4,2,0,20,0,-2,-2,H
30/08/15,Carpi,Inter,10,12,5,5,1,2,0,40,-2,1,A
30/08/15,Chievo,Lazio,8,13,5,2,4,0,30,55,0,1,H
30/08/15,Genoa,Verona,20,12,6,2,2,0,42,27,1,0,H
30/08/15,Napoli,Sampdoria,27,9,7,4,2,2,43,35,-2,0,D
30/08/15,Roma,Juventus,18,10,7,2,2,1,50,65,2,0,H
30/08/15,Torino,Fiorentina,10,9,6,5,3,1,40,47,3,3,H
30/08/15,Udinese,Palermo,25,5,7,1,0,1,27,35,-3,3,A
12/09/15,Fiorentina,Genoa,11,12,3,1,1,0,48,41,3,-1,H
12/09/15,Frosinone,Roma,18,20,5,3,0,2,0,51,-3,2,A
12/09/15,Juventus,Chievo,26,6,7,3,1,1,63,29,-1,1,D
13/09/15,Empoli,Napoli,16,17,3,4,2,2,19,42,-3,-3,D
13/09/15,Inter,Milan,16,19,4,3,1,0,41,34,3,1,H
13/09/15,Lazio,Udinese,14,10,8,4,2,0,56,26,1,-3,H
13/09/15,Palermo,Carpi,13,9,6,2,2,2,34,0,2,-2,D
13/09/15,Sassuolo,Atalanta,10,10,9,4,2,2,34,19,4,-1,D
13/09/15,Verona,Torino,12,10,3,5,2,2,26,39,-1,2,D
14/09/15,Sampdoria,Bologna,12,9,4,2,2,0,36,0,2,-3,H
19/09/15,Milan,Palermo,18,13,8,3,3,2,35,33,1,2,H
19/09/15,Udinese,Empoli,7,12,2,6,1,2,26,21,-3,-2,A
20/09/15,Atalanta,Verona,14,9,2,3,1,1,19,26,-1,-1,D
20/09/15,Bologna,Frosinone,12,20,2,6,1,0,25,0,-2,-4,H
20/09/15,Carpi,Fiorentina,11,8,3,2,0,1,0,50,-3,3,A
20/09/15,Chievo,Inter,15,14,2,3,0,1,28,42,0,5,A
20/09/15,Genoa,Juventus,7,13,0,4,0,2,40,64,-3,-1,A
20/09/15,Napoli,Lazio,19,9,10,1,5,0,43,54,-1,1,H
20/09/15,Roma,Sassuolo,21,12,7,4,2,2,50,33,1,3,D
20/09/15,Torino,Sampdoria,19,13,8,5,2,0,40,35,4,1,H
22/09/15,Udinese,Milan,11,9,3,3,2,3,25,37,-3,1,A
23/09/15,Carpi,Napoli,11,22,1,4,0,0,0,42,-3,0,D
23/09/15,Chievo,Torino,10,4,5,1,1,0,30,39,2,2,H
23/09/15,Fiorentina,Bologna,18,3,4,1,2,0,51,20,3,-3,H
23/09/15,Inter,Verona,17,7,4,1,1,0,44,25,5,-2,H
23/09/15,Juventus,Frosinone,36,9,7,1,1,1,62,0,-1,-4,D
23/09/15,Lazio,Genoa,10,9,3,3,2,0,55,39,1,-3,H
23/09/15,Palermo,Sassuolo,9,13,2,4,0,1,32,34,0,3,A
23/09/15,Sampdoria,Roma,6,24,3,8,2,1,37,48,2,1,H
24/09/15,Empoli,Atalanta,10,13,1,3,0,1,20,20,-2,1,A
26/09/15,Napoli,Juventus,13,12,5,3,2,1,44,61,2,-1,H
26/09/15,Roma,Carpi,17,13,10,6,5,1,50,0,2,-3,H
27/09/15,Bologna,Udinese,12,12,3,3,1,2,16,27,-3,-3,A
27/09/15,Genoa,Milan,11,12,2,3,1,0,40,36,-1,1,H
27/09/15,Inter,Fiorentina,5,12,2,8,1,4,43,52,3,3,A
27/09/15,Sassuolo,Chievo,13,12,5,2,1,1,34,29,2,1,D
27/09/15,Torino,Palermo,10,11,3,3,2,1,40,31,2,-2,H
27/09/15,Verona,Lazio,6,13,1,3,1,2,25,56,-3,1,A
28/09/15,Atalanta,Sampdoria,18,8,5,4,2,1,22,36,3,0,H
28/09/15,Frosinone,Empoli,10,13,4,5,2,0,16,20,-2,-2,H
03/10/15,Carpi,Torino,7,13,3,3,2,1,14,40,-1,0,H
03/10/15,Chievo,Verona,17,10,7,3,1,1,28,24,0,-2,D
04/10/15,Empoli,Sassuolo,18,7,4,1,1,0,22,33,0,0,H
04/10/15,Fiorentina,Atalanta,29,5,9,1,3,0,53,22,5,1,H
04/10/15,Juventus,Bologna,19,2,8,1,3,1,62,14,1,-3,H
04/10/15,Lazio,Frosinone,27,12,10,6,2,0,57,14,3,-2,H
04/10/15,Milan,Napoli,12,11,2,4,0,4,35,45,-1,3,A
04/10/15,Palermo,Roma,14,13,5,8,2,4,31,51,-4,2,A
04/10/15,Sampdoria,Inter,15,17,6,7,1,1,35,42,0,2,D
04/10/15,Udinese,Genoa,9,19,3,7,1,1,26,40,-2,-2,D
17/10/15,Roma,Empoli,9,13,5,6,3,1,52,21,2,-1,H
17/10/15,Torino,Milan,6,8,2,3,1,1,39,34,0,0,D
18/10/15,Atalanta,Carpi,15,13,7,5,3,0,23,12,2,-2,H
18/10/15,Bologna,Palermo,17,9,6,4,0,1,12,32,-3,-3,A
18/10/15,Frosinone,Sampdoria,15,19,4,2,2,0,25,34,0,-2,H
18/10/15,Genoa,Chievo,12,21,6,3,3,2,41,28,0,-1,H
18/10/15,Inter,Juventus,8,15,2,4,0,0,41,60,1,1,D
18/10/15,Napoli,Fiorentina,13,10,6,3,2,1,46,52,4,3,H
18/10/15,Sassuolo,Lazio,15,12,4,3,2,1,34,56,1,1,H
18/10/15,Verona,Udinese,8,15,2,5,1,1,23,26,-2,-1,D
24/10/15,Carpi,Bologna,7,15,1,4,1,2,11,22,-2,-3,A
24/10/15,Empoli,Genoa,15,14,5,3,2,0,23,40,-1,0,H
24/10/15,Palermo,Inter,10,19,2,7,1,1,31,40,-2,0,D
25/10/15,Chievo,Napoli,7,17,1,4,0,1,27,47,-1,4,A
25/10/15,Fiorentina,Roma,21,6,4,4,1,2,51,53,1,3,A
25/10/15,Juventus,Atalanta,19,5,10,0,2,0,61,23,1,1,H
25/10/15,Lazio,Torino,10,7,3,3,3,0,57,38,3,-2,H
25/10/15,Milan,Sassuolo,21,4,3,2,2,1,36,34,0,0,H
25/10/15,Sampdoria,Verona,10,11,6,1,4,1,36,23,0,-3,H
25/10/15,Udinese,Frosinone,19,12,7,2,1,0,27,22,1,0,H
27/10/15,Bologna,Inter,7,11,3,6,0,1,20,41,-3,0,A
28/10/15,Atalanta,Lazio,8,6,3,3,2,1,25,56,1,1,H
28/10/15,Frosinone,Carpi,8,13,3,3,2,1,30,10,1,-3,H
28/10/15,Milan,Chievo,24,4,4,3,1,0,37,27,0,-3,H
28/10/15,Napoli,Palermo,23,8,8,0,2,0,48,31,5,-2,H
28/10/15,Roma,Udinese,19,6,9,2,3,1,54,27,5,1,H
28/10/15,Sassuolo,Juventus,7,14,3,3,1,0,35,60,0,0,H
28/10/15,Torino,Genoa,17,10,6,4,3,3,37,39,-1,1,D
28/10/15,Verona,Fiorentina,2,9,0,2,0,2,22,52,-3,1,A
29/10/15,Sampdoria,Empoli,14,17,3,5,1,1,35,22,-1,0,D
31/10/15,Inter,Roma,10,19,3,9,1,0,42,53,2,3,H
31/10/15,Juventus,Torino,17,10,6,5,2,1,61,36,2,-3,H
01/11/15,Bologna,Atalanta,10,8,5,2,3,0,27,24,-1,-1,H
01/11/15,Carpi,Verona,11,11,6,3,0,0,9,22,-2,-2,D
01/11/15,Fiorentina,Frosinone,31,6,9,1,4,1,53,27,1,-1,H
01/11/15,Genoa,Napoli,9,18,1,8,0,0,38,47,0,4,D
01/11/15,Lazio,Milan,10,9,4,3,1,3,55,38,-1,2,A
01/11/15,Udinese,Sassuolo,14,6,2,2,0,0,26,34,0,0,D
02/11/15,Chievo,Sampdoria,14,10,2,3,1,1,26,34,-3,0,D
02/11/15,Palermo,Empoli,16,11,4,5,0,1,30,24,-2,2,A
07/11/15,Milan,Atalanta,8,15,3,4,0,0,38,24,3,0,D
07/11/15,Verona,Bologna,11,10,2,4,0,2,22,33,-3,1,A
08/11/15,Empoli,Juventus,12,11,4,4,1,3,24,62,0,2,A
08/11/15,Frosinone,Genoa,18,10,5,3,2,2,25,38,0,0,D
08/11/15,Napoli,Udinese,15,8,5,2,1,0,49,26,4,-1,H
08/11/15,Palermo,Chievo,14,13,3,3,1,0,32,26,0,-4,H
08/11/15,Roma,Lazio,14,7,2,2,2,0,54,54,3,-3,H
08/11/15,Sampdoria,Fiorentina,3,20,2,7,0,2,34,54,-1,1,A
08/11/15,Sassuolo,Carpi,9,7,4,2,1,0,36,8,2,-4,H
08/11/15,Torino,Inter,16,7,8,2,0,1,36,44,-3,3,A
21/11/15,Bologna,Roma,9,14,3,5,2,2,30,52,2,2,D
21/11/15,Juventus,Milan,16,9,5,2,1,0,62,37,3,2,H
22/11/15,Atalanta,Torino,15,14,1,4,0,1,23,37,-2,-2,A
22/11/15,Carpi,Chievo,19,9,3,3,1,2,7,27,-4,-2,A
22/11/15,Fiorentina,Empoli,18,15,5,4,2,2,52,23,2,1,D
22/11/15,Genoa,Sassuolo,14,9,3,4,2,1,39,35,0,0,H
22/11/15,Inter,Frosinone,22,11,10,4,4,0,45,23,4,-2,H
22/11/15,Lazio,Palermo,18,13,3,8,1,1,52,31,-2,-1,D
22/11/15,Udinese,Sampdoria,9,10,4,0,1,0,27,33,0,-1,H
22/11/15,Verona,Napoli,3,22,3,10,0,2,21,50,-4,4,A
28/11/15,Milan,Sampdoria,23,10,10,2,4,1,38,32,2,-3,H
28/11/15,Torino,Bologna,14,3,6,0,2,0,38,28,0,0,H
29/11/15,Chievo,Udinese,12,14,6,5,2,3,26,28,-2,0,A
29/11/15,Empoli,Lazio,5,16,1,5,1,0,25,51,1,-4,H
29/11/15,Frosinone,Verona,16,16,6,8,3,2,28,21,0,-4,H
29/11/15,Genoa,Carpi,9,15,3,5,1,2,38,14,0,-2,A
29/11/15,Palermo,Juventus,11,16,0,4,0,3,30,63,-2,3,A
29/11/15,Roma,Atalanta,17,4,3,3,0,2,51,25,0,0,A
30/11/15,Napoli,Inter,12,11,4,2,2,1,51,44,4,3,H
30/11/15,Sassuolo,Fiorentina,16,17,2,4,1,1,34,51,1,3,D
04/12/15,Lazio,Juventus,11,7,3,1,0,2,50,64,-4,5,A
05/12/15,Inter,Genoa,15,4,5,2,1,0,45,37,3,-1,H
05/12/15,Torino,Roma,11,5,5,3,1,1,37,50,0,-1,D
06/12/15,Atalanta,Palermo,12,17,4,4,3,0,26,30,0,-2,H
06/12/15,Bologna,Napoli,11,16,4,7,3,2,33,50,2,2,H
06/12/15,Carpi,Milan,11,20,3,7,0,0,13,37,-1,1,D
06/12/15,Fiorentina,Udinese,14,8,5,0,3,0,52,28,3,0,H
06/12/15,Frosinone,Chievo,14,10,3,3,0,2,26,28,-2,0,A
06/12/15,Sampdoria,Sassuolo,8,16,2,10,1,3,32,35,-4,1,A
06/12/15,Verona,Empoli,18,11,4,5,0,1,20,26,-4,2,A
12/12/15,Genoa,Bologna,19,10,4,2,0,1,37,37,-2,2,A
12/12/15,Palermo,Frosinone,20,15,6,3,4,1,31,25,0,-2,H
12/12/15,Udinese,Inter,22,13,7,7,0,4,27,46,-1,3,A
13/12/15,Chievo,Atalanta,15,6,3,2,1,0,29,25,1,0,H
13/12/15,Empoli,Carpi,13,14,4,4,3,0,27,12,2,-2,H
13/12/15,Juventus,Fiorentina,16,6,6,1,3,1,64,51,5,1,H
13/12/15,Milan,Verona,17,11,6,2,1,1,37,20,0,-4,D
13/12/15,Napoli,Roma,12,5,4,0,0,0,49,50,2,0,D
14/12/15,Lazio,Sampdoria,14,10,2,4,1,1,50,31,-3,-4,D
19/12/15,Bologna,Empoli,13,18,4,7,2,3,35,29,0,4,A
20/12/15,Atalanta,Napoli,16,16,5,5,1,3,25,50,-1,2,A
20/12/15,Carpi,Juventus,11,10,3,6,2,3,11,65,-2,5,A
20/12/15,Fiorentina,Chievo,13,6,8,0,2,0,52,29,1,1,H
20/12/15,Frosinone,Milan,15,23,5,10,2,4,23,38,-3,1,A
20/12/15,Inter,Lazio,7,7,1,3,1,2,45,50,1,-1,A
20/12/15,Roma,Genoa,7,12,3,4,2,0,50,36,0,-3,H
20/12/15,Sampdoria,Palermo,16,11,6,5,2,0,32,30,-2,-2,H
20/12/15,Torino,Udinese,10,12,1,6,0,1,37,29,0,1,A
20/12/15,Verona,Sassuolo,10,16,6,5,1,1,20,35,-3,1,D
05/01/16,Genoa,Sampdoria,18,11,10,5,2,3,35,33,-5,0,A
06/01/16,Chievo,Roma,12,14,6,5,3,3,28,50,0,0,D
06/01/16,Empoli,Inter,16,14,4,3,0,1,28,46,3,1,A
06/01/16,Juventus,Verona,15,7,6,1,3,0,66,19,5,-3,H
06/01/16,Lazio,Carpi,15,5,0,2,0,0,50,11,-1,-1,D
06/01/16,Milan,Bologna,17,7,4,3,0,1,37,38,1,1,A
06/01/16,Napoli,Torino,17,9,8,4,2,1,50,36,2,0,H
06/01/16,Palermo,Fiorentina,11,11,3,5,1,3,30,53,-3,2,A
06/01/16,Sassuolo,Frosinone,30,5,3,2,2,2,34,22,0,-2,D
06/01/16,Udinese,Atalanta,18,22,6,7,2,1,30,25,1,-1,H
09/01/16,Carpi,Udinese,13,10,6,5,2,1,15,29,-1,-1,H
09/01/16,Fiorentina,Lazio,17,10,7,6,1,3,52,50,1,1,A
09/01/16,Roma,Milan,12,17,5,6,1,1,49,36,1,0,D
10/01/16,Atalanta,Genoa,14,12,0,2,0,2,24,36,-3,-3,A
10/01/16,Bologna,Chievo,16,8,2,2,0,1,36,29,1,2,A
10/01/16,Frosinone,Napoli,9,24,3,10,1,5,21,51,-4,2,A
10/01/16,Inter,Sassuolo,21,15,6,6,0,1,45,35,1,2,A
10/01/16,Sampdoria,Juventus,9,13,2,5,1,2,33,66,0,5,A
10/01/16,Torino,Empoli,19,11,6,4,0,1,35,29,-2,3,A
10/01/16,Verona,Palermo,30,9,7,2,0,1,19,31,-3,-1,A
16/01/16,Atalanta,Inter,19,13,5,2,1,1,24,44,-4,0,D
16/01/16,Napoli,Sassuolo,20,9,6,3,3,1,52,35,4,1,H
16/01/16,Torino,Frosinone,21,18,9,5,4,2,36,20,-2,-4,H
17/01/16,Bologna,Lazio,8,9,3,3,2,2,35,50,0,2,D
17/01/16,Carpi,Sampdoria,9,12,5,4,2,1,20,32,0,0,H
17/01/16,Chievo,Empoli,15,14,5,5,1,1,29,29,1,2,D
17/01/16,Genoa,Palermo,18,11,10,3,4,0,37,31,-1,-1,H
17/01/16,Milan,Fiorentina,4,14,3,1,2,0,37,51,1,-1,H
17/01/16,Roma,Verona,16,10,4,3,1,1,48,19,1,-2,D
17/01/16,Udinese,Juventus,8,13,3,8,0,4,29,67,-1,5,A
20/01/16,Sassuolo,Torino,13,8,3,5,1,1,34,36,0,-2,D
23/01/16,Empoli,Milan,15,10,6,5,2,2,28,37,1,1,D
23/01/16,Frosinone,Atalanta,11,16,1,3,0,0,19,23,-3,-3,D
24/01/16,Fiorentina,Torino,13,10,2,2,2,0,52,35,1,-2,H
24/01/16,Inter,Carpi,18,12,7,4,1,1,44,19,-1,1,D
24/01/16,Juventus,Roma,15,6,7,1,1,0,67,47,5,0,H
24/01/16,Lazio,Chievo,24,7,7,5,4,1,50,28,3,-1,H
24/01/16,Palermo,Udinese,16,20,8,9,4,1,32,28,-1,-1,H
24/01/16,Sampdoria,Napoli,8,23,4,9,2,4,32,53,-1,5,A
24/01/16,Sassuolo,Bologna,13,16,2,7,0,2,33,38,-1,0,A
24/01/16,Verona,Genoa,17,10,9,2,1,1,18,37,-2,0,D
30/01/16,Atalanta,Sassuolo,6,9,5,1,1,1,23,33,-2,-1,D
30/01/16,Carpi,Palermo,13,5,1,1,1,1,18,31,2,0,D
30/01/16,Roma,Frosinone,22,13,6,3,3,1,48,18,0,-3,H
31/01/16,Bologna,Sampdoria,7,14,5,6,3,2,40,31,2,-3,H
31/01/16,Chievo,Juventus,6,30,2,10,0,4,28,68,-1,5,A
31/01/16,Genoa,Fiorentina,11,11,2,3,0,0,36,51,1,0,D
31/01/16,Milan,Inter,14,12,5,3,3,0,38,43,1,-1,H
31/01/16,Napoli,Empoli,20,7,6,2,5,1,54,28,5,-1,H
31/01/16,Torino,Verona,16,10,6,3,0,0,35,18,-1,-2,D
31/01/16,Udinese,Lazio,11,17,1,1,0,0,28,50,-2,2,D
02/02/16,Sassuolo,Roma,17,13,6,5,0,2,32,49,-3,1,A
03/02/16,Empoli,Udinese,19,5,4,2,1,1,27,27,0,-3,D
03/02/16,Fiorentina,Carpi,11,7,5,2,2,1,52,17,0,1,H
03/02/16,Frosinone,Bologna,20,15,7,3,1,0,21,39,-2,0,H
03/02/16,Inter,Chievo,24,6,8,0,1,0,44,27,-1,-2,H
03/02/16,Juventus,Genoa,11,7,2,2,1,0,68,36,5,1,H
03/02/16,Lazio,Napoli,8,10,0,5,0,2,49,55,1,5,A
03/02/16,Palermo,Milan,12,16,2,8,0,2,31,39,0,3,A
03/02/16,Sampdoria,Torino,9,14,4,6,2,2,31,34,-4,0,D
03/02/16,Verona,Atalanta,13,18,5,4,2,1,19,23,0,-2,H
06/02/16,Bologna,Fiorentina,12,12,6,2,1,1,37,51,1,1,D
06/02/16,Genoa,Lazio,4,10,1,2,0,0,35,48,0,0,D
07/02/16,Atalanta,Empoli,11,9,2,3,0,0,22,27,-1,-1,D
07/02/16,Frosinone,Juventus,5,25,0,9,0,2,20,69,-2,5,A
07/02/16,Milan,Udinese,22,9,5,5,1,1,38,27,3,-2,D
07/02/16,Napoli,Carpi,22,2,7,0,1,0,55,16,5,-1,H
07/02/16,Roma,Sampdoria,13,10,4,4,2,1,50,30,2,-4,H
07/02/16,Sassuolo,Palermo,23,7,6,2,2,2,32,30,-2,-1,D
07/02/16,Torino,Chievo,12,8,4,3,1,2,33,29,-2,-2,A
07/02/16,Verona,Inter,10,15,4,7,3,3,19,43,1,0,D
11/02/16,Lazio,Verona,18,8,7,4,5,2,49,19,1,0,H
12/02/16,Carpi,Roma,7,19,2,6,1,3,16,50,-3,3,A
13/02/16,Chievo,Sassuolo,11,16,4,2,1,1,28,31,-2,-2,D
13/02/16,Empoli,Frosinone,29,10,6,2,1,2,27,24,-2,0,A
13/02/16,Juventus,Napoli,13,7,4,1,1,0,69,54,5,3,H
14/02/16,Fiorentina,Inter,13,6,8,1,2,1,52,42,3,-1,H
14/02/16,Milan,Genoa,14,7,6,2,2,1,39,34,3,-2,H
14/02/16,Palermo,Torino,18,20,5,8,1,3,30,34,-1,-1,A
14/02/16,Sampdoria,Atalanta,10,9,2,2,0,0,30,22,-3,-1,D
14/02/16,Udinese,Bologna,10,11,2,2,0,1,27,40,-2,2,A
19/02/16,Bologna,Juventus,8,10,1,0,0,0,38,68,1,4,D
20/02/16,Inter,Sampdoria,6,19,3,3,3,1,43,29,0,-3,H
20/02/16,Verona,Chievo,20,14,8,2,3,1,20,28,1,-2,H
21/02/16,Atalanta,Fiorentina,13,15,5,8,2,3,21,53,-2,3,A
21/02/16,Frosinone,Lazio,8,18,1,2,0,0,23,48,0,0,D
21/02/16,Genoa,Udinese,21,13,8,6,2,1,35,26,-1,-2,H
21/02/16,Roma,Palermo,25,4,5,1,5,0,51,29,5,-3,H
21/02/16,Sassuolo,Empoli,13,10,7,4,3,2,32,26,0,-3,H
21/02/16,Torino,Carpi,11,5,4,0,0,0,34,15,0,-3,D
22/02/16,Napoli,Milan,19,7,4,2,1,1,54,39,2,3,D
27/02/16,Empoli,Roma,8,15,3,6,1,3,26,52,-3,5,A
27/02/16,Milan,Torino,19,11,3,4,1,0,40,33,3,-1,H
28/02/16,Carpi,Atalanta,10,12,4,5,1,1,14,21,-3,-2,D
28/02/16,Chievo,Genoa,16,11,6,4,1,0,29,35,0,-2,H
28/02/16,Juventus,Inter,9,8,6,3,2,0,69,43,4,0,H
28/02/16,Palermo,Bologna,7,17,4,5,0,0,29,37,-3,0,D
28/02/16,Sampdoria,Frosinone,25,15,6,1,2,0,30,22,-1,0,H
28/02/16,Udinese,Verona,13,10,4,2,2,0,27,20,-1,0,H
29/02/16,Fiorentina,Napoli,11,6,1,5,1,1,52,53,3,1,D
29/02/16,Lazio,Sassuolo,15,8,3,6,0,2,47,33,-1,1,A
04/03/16,Roma,Fiorentina,14,11,7,1,4,1,53,51,5,1,H
05/03/16,Napoli,Chievo,25,8,10,2,3,1,53,28,1,0,H
05/03/16,Verona,Sampdoria,11,14,4,8,0,3,19,31,-2,0,A
06/03/16,Atalanta,Juventus,13,9,3,5,0,2,21,69,-2,4,A
06/03/16,Bologna,Carpi,17,6,4,2,0,0,35,14,1,-2,D
06/03/16,Frosinone,Udinese,23,6,4,2,2,0,25,27,0,-2,H
06/03/16,Genoa,Empoli,15,10,5,2,1,0,36,25,0,-4,H
06/03/16,Inter,Palermo,10,9,5,4,3,1,43,28,0,-3,H
06/03/16,Sassuolo,Milan,16,13,4,5,2,0,34,39,3,1,H
06/03/16,Torino,Lazio,13,12,4,5,1,1,33,47,-1,0,D
11/03/16,Juventus,Sassuolo,16,7,7,2,1,0,70,34,4,2,H
12/03/16,Empoli,Sampdoria,15,13,5,5,1,1,25,31,-4,1,D
12/03/16,Inter,Bologna,17,6,3,1,2,1,44,34,1,0,H
13/03/16,Carpi,Frosinone,12,13,3,4,2,1,17,24,0,0,H
13/03/16,Chievo,Milan,20,10,5,1,0,0,28,38,-1,1,D
13/03/16,Fiorentina,Verona,10,12,4,4,1,1,50,19,1,-2,D
13/03/16,Genoa,Torino,13,9,6,5,3,2,37,32,1,-1,H
13/03/16,Lazio,Atalanta,5,11,2,1,2,0,47,20,1,-3,H
13/03/16,Palermo,Napoli,5,18,1,7,0,1,28,54,-4,1,A
13/03/16,Udinese,Roma,10,15,3,7,1,2,26,53,-3,5,A
19/03/16,Empoli,Palermo,11,13,3,2,0,0,25,27,-3,-3,D
19/03/16,Roma,Inter,16,6,6,2,1,1,52,44,4,2,D
20/03/16,Atalanta,Bologna,14,9,7,2,2,0,22,33,-2,-2,H
20/03/16,Frosinone,Fiorentina,12,22,4,6,0,0,23,50,-1,0,D
20/03/16,Milan,Lazio,20,9,4,2,1,1,38,47,0,0,D
20/03/16,Napoli,Genoa,22,9,11,2,3,1,55,36,3,1,H
20/03/16,Sampdoria,Chievo,16,12,7,6,0,1,30,29,0,0,A
20/03/16,Sassuolo,Udinese,13,8,1,3,1,1,33,26,2,-2,D
20/03/16,Torino,Juventus,10,14,6,7,1,4,32,70,-3,4,A
20/03/16,Verona,Carpi,8,11,3,5,1,2,19,20,-2,2,A
02/04/16,Carpi,Sassuolo,11,9,1,7,1,3,19,34,1,2,A
02/04/16,Juventus,Empoli,19,9,9,3,1,0,71,24,5,-3,H
03/04/16,Atalanta,Milan,10,12,4,3,2,1,23,37,0,-1,H
03/04/16,Chievo,Palermo,9,14,4,4,3,1,30,27,2,-3,H
03/04/16,Fiorentina,Sampdoria,20,8,8,4,1,1,49,30,-1,1,D
03/04/16,Genoa,Frosinone,21,9,9,2,4,0,37,22,1,-2,H
03/04/16,Inter,Torino,10,12,2,3,1,2,43,33,0,-2,A
03/04/16,Lazio,Roma,18,17,3,6,1,4,46,53,-1,4,A
03/04/16,Udinese,Napoli,11,11,6,2,3,1,27,54,0,2,H
04/04/16,Bologna,Verona,9,4,1,1,0,1,32,20,-3,-2,A
09/04/16,Chievo,Carpi,17,12,3,3,1,0,31,18,2,0,H
09/04/16,Frosinone,Inter,15,20,2,3,0,1,21,44,-2,2,A
09/04/16,Milan,Juventus,11,9,5,4,1,2,37,71,-3,5,A
09/04/16,Sassuolo,Genoa,17,9,5,4,0,1,34,38,0,3,A
10/04/16,Empoli,Fiorentina,7,22,4,5,2,0,25,48,-1,-2,H
10/04/16,Napoli,Verona,19,8,6,1,3,0,55,20,3,-2,H
10/04/16,Palermo,Lazio,7,18,2,8,0,3,27,47,-4,1,A
10/04/16,Sampdoria,Udinese,15,16,5,2,2,0,31,27,1,-2,H
10/04/16,Torino,Atalanta,5,16,3,7,2,1,34,22,0,-1,H
11/04/16,Roma,Bologna,14,7,5,2,1,1,52,31,3,-3,D
16/04/16,Bologna,Torino,8,6,1,3,0,1,30,35,-4,1,A
16/04/16,Carpi,Genoa,15,16,10,3,4,1,21,38,1,1,H
16/04/16,Inter,Napoli,11,10,4,2,2,0,45,54,2,1,H
17/04/16,Atalanta,Roma,12,17,4,7,3,3,22,52,0,2,D
17/04/16,Fiorentina,Sassuolo,13,9,4,1,3,1,49,33,0,-2,H
17/04/16,Juventus,Palermo,16,10,6,4,4,0,71,26,5,-4,H
17/04/16,Lazio,Empoli,19,6,7,1,2,0,47,25,2,-1,H
17/04/16,Sampdoria,Milan,10,14,3,3,0,1,31,38,-1,-1,A
17/04/16,Udinese,Chievo,15,5,3,2,0,0,26,31,-1,3,D
17/04/16,Verona,Frosinone,14,13,4,2,1,2,19,24,-2,-2,A
19/04/16,Napoli,Bologna,20,5,14,0,6,0,54,29,1,-4,H
20/04/16,Chievo,Frosinone,23,9,8,2,5,1,31,23,4,-2,H
20/04/16,Empoli,Verona,12,20,7,6,1,0,26,19,0,-3,H
20/04/16,Genoa,Inter,16,17,5,4,1,0,38,44,1,0,H
20/04/16,Juventus,Lazio,19,7,12,1,3,0,72,47,5,0,H
20/04/16,Palermo,Atalanta,15,10,3,4,2,2,26,22,-3,1,D
20/04/16,Roma,Torino,20,13,6,5,3,2,52,34,2,1,H
20/04/16,Sassuolo,Sampdoria,23,4,8,2,0,0,33,30,-1,-1,D
20/04/16,Udinese,Fiorentina,10,9,3,3,2,1,27,48,1,-1,H
21/04/16,Milan,Carpi,20,6,3,2,0,0,37,20,-1,0,D
23/04/16,Inter,Udinese,25,12,9,5,3,1,45,27,1,0,H
24/04/16,Atalanta,Chievo,11,10,5,2,1,0,23,31,1,2,H
24/04/16,Bologna,Genoa,11,5,5,3,2,0,31,38,-2,1,H
24/04/16,Fiorentina,Juventus,21,6,7,3,1,2,47,72,-2,5,A
24/04/16,Frosinone,Palermo,16,7,4,2,0,2,22,27,-3,-2,A
24/04/16,Sampdoria,Lazio,13,20,7,4,2,1,31,46,1,-1,H
24/04/16,Torino,Sassuolo,15,12,3,4,1,3,34,34,1,0,A
25/04/16,Carpi,Empoli,16,8,3,3,1,0,22,26,0,-1,H
25/04/16,Roma,Napoli,9,9,3,4,1,0,53,54,3,-1,H
25/04/16,Verona,Milan,28,11,12,6,2,1,20,37,-1,-2,H
30/04/16,Chievo,Fiorentina,9,21,4,5,0,0,31,47,1,-2,D
30/04/16,Udinese,Torino,13,15,4,6,1,5,27,35,-2,1,A
01/05/16,Empoli,Bologna,5,16,1,6,0,0,25,30,0,-1,D
01/05/16,Juventus,Carpi,19,11,3,1,2,0,73,22,5,0,H
01/05/16,Lazio,Inter,9,15,4,4,2,0,47,44,1,1,H
01/05/16,Milan,Frosinone,24,9,11,4,3,3,36,22,-1,-2,D
01/05/16,Palermo,Sampdoria,10,8,4,4,2,0,28,31,0,0,H
01/05/16,Sassuolo,Verona,6,16,1,2,1,0,35,20,0,-3,H
02/05/16,Genoa,Roma,14,20,5,8,2,3,37,54,-1,3,A
02/05/16,Napoli,Atalanta,18,3,10,1,2,1,54,23,1,-1,H
07/05/16,Bologna,Milan,8,15,1,5,0,1,29,37,-2,1,A
07/05/16,Inter,Empoli,13,14,5,2,2,1,45,25,1,-2,H
08/05/16,Atalanta,Udinese,8,4,2,2,1,1,22,26,0,-1,D
08/05/16,Carpi,Lazio,27,16,9,7,1,3,21,48,0,1,A
08/05/16,Fiorentina,Palermo,21,4,4,0,0,0,46,28,-1,1,D
08/05/16,Frosinone,Sassuolo,18,21,4,5,0,1,21,36,-2,2,A
08/05/16,Roma,Chievo,23,11,11,4,3,0,54,30,4,-1,H
08/05/16,Sampdoria,Genoa,12,18,3,7,0,3,30,38,-2,-1,A
08/05/16,Torino,Napoli,7,15,2,6,1,2,34,55,-1,1,A
08/05/16,Verona,Juventus,12,16,4,5,2,1,21,72,-1,3,H
14/05/16,Juventus,Sampdoria,24,7,12,1,5,0,72,30,3,-2,H
14/05/16,Milan,Roma,14,16,6,9,1,3,36,55,-1,5,A
14/05/16,Napoli,Frosinone,33,9,12,2,4,0,56,21,3,-4,H
14/05/16,Sassuolo,Inter,9,10,3,6,3,1,36,44,4,-1,H
15/05/16,Chievo,Bologna,5,16,0,4,0,0,30,28,-1,-1,D
15/05/16,Empoli,Torino,10,18,3,5,2,1,26,34,0,-3,H
15/05/16,Genoa,Atalanta,11,13,2,4,1,2,38,23,-1,1,A
15/05/16,Lazio,Fiorentina,16,16,6,5,2,4,47,47,-1,-1,A
15/05/16,Palermo,Verona,5,14,3,4,3,2,28,21,3,-1,H
15/05/16,Udinese,Carpi,15,10,5,5,1,2,26,23,-2,0,A
20/08/16,Juventus,Fiorentina,19,4,4,1,2,1,72,46,3,-1,H
20/08/16,Roma,Udinese,25,11,9,1,4,0,55,26,5,-4,H
21/08/16,Atalanta,Lazio,19,11,6,6,3,4,23,48,0,1,A
21/08/16,Bologna,Crotone,20,5,6,0,1,0,30,0,1,-1,H
21/08/16,Chievo,Inter,12,13,4,3,2,0,31,44,-1,-1,H
21/08/16,Empoli,Sampdoria,8,15,3,5,0,1,26,31,-2,-1,A
21/08/16,Genoa,Cagliari,22,4,6,3,3,1,39,20,-1,0,H
21/08/16,Milan,Torino,11,20,5,4,3,2,37,33,0,-3,H
21/08/16,Palermo,Sassuolo,7,22,2,8,0,1,28,37,2,5,A
21/08/16,Pescara,Napoli,9,22,3,4,2,2,0,55,0,2,D
27/08/16,Lazio,Juventus,6,13,1,5,0,1,47,73,1,3,A
27/08/16,Napoli,Milan,17,12,8,3,4,2,55,37,4,0,H
28/08/16,Cagliari,Roma,17,21,5,7,2,2,20,55,0,4,D
28/08/16,Crotone,Genoa,11,18,3,8,1,3,0,39,-2,1,A
28/08/16,Fiorentina,Chievo,13,9,3,2,1,0,47,30,1,-1,H
28/08/16,Inter,Palermo,22,7,5,3,1,1,43,28,-2,1,D
28/08/16,Sampdoria,Atalanta,8,7,4,1,2,1,32,23,-1,-2,H
28/08/16,Sassuolo,Pescara,13,15,3,5,0,3,37,50,3,1,A
28/08/16,Torino,Bologna,20,10,11,2,5,1,34,30,-1,-1,H
28/08/16,Udinese,Empoli,11,13,3,4,2,0,26,25,-2,-2,H
10/09/16,Juventus,Sassuolo,23,9,10,3,3,1,73,36,3,1,H
10/09/16,Palermo,Napoli,5,17,1,7,0,3,27,56,-1,4,A
11/09/16,Atalanta,Torino,22,14,3,7,2,1,24,34,0,-3,H
11/09/16,Bologna,Cagliari,17,11,10,5,2,1,31,19,0,0,H
11/09/16,Chievo,Lazio,7,11,4,3,1,1,30,46,-1,0,D
11/09/16,Milan,Udinese,14,10,2,2,0,1,36,27,-1,0,A
11/09/16,Pescara,Inter,10,22,5,7,1,2,33,44,0,0,A
11/09/16,Roma,Sampdoria,24,12,8,7,3,2,55,31,4,-1,H
12/09/16,Empoli,Crotone,13,6,5,2,2,1,26,0,-1,-3,H
16/09/16,Sampdoria,Milan,12,10,3,3,0,1,31,37,-1,-1,A
17/09/16,Lazio,Pescara,23,10,11,3,3,0,47,25,0,-1,H
17/09/16,Napoli,Bologna,21,9,10,3,3,1,57,31,4,0,H
18/09/16,Cagliari,Atalanta,12,7,9,2,3,0,21,23,0,-1,H
18/09/16,Crotone,Palermo,11,12,1,5,1,1,0,27,-3,-1,D
18/09/16,Fiorentina,Roma,8,14,4,3,1,0,48,55,2,2,H
18/09/16,Inter,Juventus,16,9,3,2,2,1,45,72,0,3,H
18/09/16,Sassuolo,Genoa,11,17,6,5,2,0,37,39,1,1,H
18/09/16,Torino,Empoli,15,5,5,2,0,0,33,26,-2,0,D
18/09/16,Udinese,Chievo,8,20,4,6,1,2,27,31,-1,1,A
20/09/16,Milan,Lazio,17,20,8,5,2,0,38,46,1,0,H
21/09/16,Atalanta,Palermo,16,7,4,2,0,1,23,28,-3,-1,A
21/09/16,Bologna,Sampdoria,11,10,4,3,2,0,32,30,1,-1,H
21/09/16,Chievo,Sassuolo,5,7,3,2,2,1,32,37,2,-1,H
21/09/16,Empoli,Inter,9,13,3,4,0,2,25,45,-2,2,A
21/09/16,Genoa,Napoli,12,14,5,3,0,0,38,56,0,3,D
21/09/16,Juventus,Cagliari,28,2,13,0,4,0,72,20,3,-2,H
21/09/16,Pescara,Torino,19,11,4,3,0,0,20,33,-1,-1,D
21/09/16,Roma,Crotone,20,11,7,3,4,0,55,0,2,-4,H
21/09/16,Udinese,Fiorentina,15,7,5,3,2,2,27,47,0,2,D
24/09/16,Napoli,Chievo,13,7,5,2,2,0,56,31,4,0,H
24/09/16,Palermo,Juventus,4,15,2,7,0,1,28,73,-1,3,A
25/09/16,Fiorentina,Milan,20,12,5,1,0,0,46,37,1,0,D
25/09/16,Genoa,Pescara,8,12,4,4,1,1,38,16,1,-1,D
25/09/16,Inter,Bologna,22,8,6,3,1,1,45,31,3,0,D
25/09/16,Lazio,Empoli,12,9,3,3,2,0,47,25,0,-2,H
25/09/16,Sassuolo,Udinese,12,11,5,3,1,0,37,26,-1,0,H
25/09/16,Torino,Roma,18,21,9,5,3,1,34,54,1,0,H
26/09/16,Cagliari,Sampdoria,9,18,3,2,2,1,22,30,0,-3,H
26/09/16,Crotone,Atalanta,10,12,3,8,1,3,0,24,-4,-1,A
01/10/16,Pescara,Chievo,11,15,2,4,0,2,14,32,-3,2,A
01/10/16,Udinese,Lazio,15,15,3,5,0,3,26,48,-2,2,A
02/10/16,Atalanta,Napoli,10,13,4,3,1,0,25,56,1,2,H
02/10/16,Bologna,Genoa,6,13,3,4,0,1,31,39,0,1,A
02/10/16,Cagliari,Crotone,14,22,9,8,2,1,24,0,1,-4,H
02/10/16,Empoli,Juventus,6,26,3,11,0,3,25,73,-2,3,A
02/10/16,Milan,Sassuolo,15,7,6,5,4,3,38,37,2,-1,H
02/10/16,Roma,Inter,19,17,8,5,2,1,55,44,1,2,H
02/10/16,Sampdoria,Palermo,23,4,7,2,1,1,30,27,-4,-1,D
02/10/16,Torino,Fiorentina,18,13,5,5,2,1,34,46,1,1,H
15/10/16,Juventus,Udinese,15,8,5,4,2,1,73,26,3,-4,H
15/10/16,Napoli,Roma,21,14,5,6,1,3,55,56,0,1,A
15/10/16,Pescara,Sampdoria,10,22,7,9,1,1,12,29,-2,-3,D
16/10/16,Chievo,Milan,8,16,5,5,1,3,32,39,1,4,A
16/10/16,Fiorentina,Atalanta,17,13,6,3,0,0,45,25,0,0,D
16/10/16,Genoa,Empoli,8,2,3,1,0,0,38,25,0,-3,D
16/10/16,Inter,Cagliari,17,11,4,6,1,2,44,26,0,3,A
16/10/16,Lazio,Bologna,25,9,8,4,1,1,47,30,2,-1,D
16/10/16,Sassuolo,Crotone,22,8,9,1,2,1,38,0,1,-4,H
17/10/16,Palermo,Torino,16,15,3,7,1,4,27,35,-1,3,A
22/10/16,Milan,Juventus,8,22,2,3,1,0,40,72,4,3,H
22/10/16,Sampdoria,Genoa,14,10,7,5,2,1,30,38,-1,0,H
23/10/16,Atalanta,Inter,11,7,8,4,2,1,25,43,2,-2,H
23/10/16,Bologna,Sassuolo,14,8,4,3,1,1,29,37,0,0,D
23/10/16,Cagliari,Fiorentina,10,16,5,8,3,5,25,46,1,0,A
23/10/16,Crotone,Napoli,12,13,4,8,1,2,0,56,-5,0,A
23/10/16,Empoli,Chievo,8,13,3,2,0,0,24,31,-3,0,D
23/10/16,Roma,Palermo,18,7,7,3,4,1,56,27,3,-2,H
23/10/16,Torino,Lazio,16,14,4,6,2,2,35,47,3,1,D
23/10/16,Udinese,Pescara,9,16,4,3,3,1,27,11,-2,-2,H
25/10/16,Genoa,Milan,8,13,3,3,3,0,38,39,1,2,H
26/10/16,Chievo,Bologna,10,8,3,4,1,1,31,29,-1,-1,D
26/10/16,Fiorentina,Crotone,26,4,11,2,1,1,45,0,0,-4,D
26/10/16,Inter,Torino,22,7,6,2,2,1,44,34,-2,2,H
26/10/16,Juventus,Sampdoria,13,8,7,3,4,1,73,30,3,-1,H
26/10/16,Lazio,Cagliari,19,14,12,5,4,1,47,25,3,1,H
26/10/16,Napoli,Empoli,35,7,10,2,2,0,56,24,1,-3,H
26/10/16,Pescara,Atalanta,5,13,0,3,0,1,10,26,-3,4,A
26/10/16,Sassuolo,Roma,16,16,3,5,1,3,37,57,0,3,A
27/10/16,Palermo,Udinese,11,11,2,7,1,3,26,27,-4,-1,A
29/10/16,Bologna,Fiorentina,5,12,2,5,0,1,28,46,-2,1,A
29/10/16,Juventus,Napoli,10,12,3,2,2,1,73,55,3,-1,H
30/10/16,Atalanta,Genoa,15,10,9,2,3,0,27,38,4,0,H
30/10/16,Crotone,Chievo,9,16,7,3,2,0,9,31,-2,-1,H
30/10/16,Empoli,Roma,8,23,3,5,0,0,24,56,-2,4,D
30/10/16,Lazio,Sassuolo,14,14,6,5,2,1,48,36,3,-2,H
30/10/16,Milan,Pescara,18,14,9,6,1,0,40,9,3,-4,H
30/10/16,Sampdoria,Inter,9,14,3,3,1,0,31,43,1,-3,H
31/10/16,Cagliari,Palermo,8,12,4,3,2,1,26,26,1,-4,H
31/10/16,Udinese,Torino,16,13,5,3,2,2,27,34,0,1,D
05/11/16,Napoli,Lazio,18,7,8,3,1,1,55,47,0,2,D
05/11/16,Torino,Cagliari,23,10,9,7,5,1,35,26,1,-1,H
06/11/16,Chievo,Juventus,9,17,2,6,1,2,30,73,-3,3,A
06/11/16,Fiorentina,Sampdoria,20,17,5,6,1,1,46,30,2,1,D
06/11/16,Genoa,Udinese,16,10,4,3,1,1,37,27,-1,1,D
06/11/16,Inter,Crotone,25,4,9,0,3,0,44,8,-1,-2,H
06/11/16,Palermo,Milan,15,12,7,6,1,2,26,40,-5,3,A
06/11/16,Pescara,Empoli,22,9,7,6,0,4,8,25,-4,0,A
06/11/16,Roma,Bologna,22,13,8,5,3,0,56,28,4,-2,H
06/11/16,Sassuolo,Atalanta,15,15,3,8,0,3,36,28,-2,4,A
19/11/16,Chievo,Cagliari,12,11,2,2,1,0,31,25,-1,-3,H
19/11/16,Juventus,Pescara,14,9,5,3,3,0,74,7,3,-5,H
19/11/16,Udinese,Napoli,7,10,3,4,1,2,27,55,1,2,A
20/11/16,Atalanta,Roma,21,9,6,5,2,1,29,56,5,2,H
20/11/16,Bologna,Palermo,8,8,4,4,3,1,29,25,-1,-5,H
20/11/16,Crotone,Torino,15,16,5,4,0,2,7,36,-2,1,A
20/11/16,Empoli,Fiorentina,13,24,6,13,0,4,24,46,-1,3,A
20/11/16,Lazio,Genoa,16,12,4,3,3,1,48,37,3,-2,H
20/11/16,Milan,Inter,10,21,4,6,2,2,40,43,2,0,D
20/11/16,Sampdoria,Sassuolo,22,11,8,5,3,2,31,36,2,-4,H
26/11/16,Empoli,Milan,15,16,4,6,1,4,24,41,-2,2,A
26/11/16,Torino,Chievo,16,10,4,3,2,1,36,31,2,-2,H
27/11/16,Bologna,Atalanta,9,14,2,2,0,2,28,30,-2,5,A
27/11/16,Cagliari,Udinese,7,20,3,5,2,1,26,26,-1,-1,H
27/11/16,Crotone,Sampdoria,9,15,3,6,1,1,7,31,-1,1,D
27/11/16,Genoa,Juventus,12,12,6,2,3,1,38,73,0,3,H
27/11/16,Palermo,Lazio,17,18,4,6,0,1,25,48,-5,4,A
27/11/16,Roma,Pescara,14,14,7,7,3,2,56,7,2,-5,H
28/11/16,Inter,Fiorentina,22,12,9,6,4,2,44,46,2,1,H
28/11/16,Napoli,Sassuolo,20,4,6,1,1,1,55,35,1,-4,D
02/12/16,Napoli,Inter,19,18,11,6,3,0,55,44,1,0,H
03/12/16,Juventus,Atalanta,12,7,7,2,3,1,73,29,3,3,H
04/12/16,Fiorentina,Palermo,19,7,7,2,2,1,46,25,2,-5,H
04/12/16,Lazio,Roma,11,7,2,4,0,2,48,57,2,2,A
04/12/16,Milan,Crotone,12,9,4,5,2,1,41,6,4,-2,H
04/12/16,Pescara,Cagliari,19,6,2,2,1,1,6,26,-4,0,D
04/12/16,Sampdoria,Torino,13,14,2,3,2,0,31,36,3,2,H
04/12/16,Sassuolo,Empoli,12,14,6,3,3,0,36,24,-2,-2,H
05/12/16,Chievo,Genoa,7,9,2,0,0,0,30,37,-2,-1,D
05/12/16,Udinese,Bologna,19,7,9,1,1,0,27,28,-1,-3,H
10/12/16,Crotone,Pescara,8,6,4,3,2,1,12,6,-2,-4,H
10/12/16,Sampdoria,Lazio,10,10,5,7,1,2,31,48,1,2,A
11/12/16,Atalanta,Udinese,18,6,9,3,1,3,29,28,1,0,A
11/12/16,Bologna,Empoli,22,3,3,1,0,0,27,23,-2,-2,D
11/12/16,Cagliari,Napoli,6,23,3,11,0,5,25,56,-2,3,A
11/12/16,Inter,Genoa,13,10,3,4,2,0,44,37,2,-1,H
11/12/16,Palermo,Chievo,15,9,3,3,0,2,25,31,-5,0,A
11/12/16,Torino,Juventus,9,17,2,8,1,3,35,73,1,3,A
12/12/16,Fiorentina,Sassuolo,14,16,6,5,2,1,47,35,2,-2,H
12/12/16,Roma,Milan,14,8,4,4,1,0,57,41,3,2,H
15/12/16,Genoa,Fiorentina,9,9,4,3,1,0,38,46,0,1,H
17/12/16,Empoli,Cagliari,7,9,2,2,2,0,24,25,-2,-2,H
17/12/16,Juventus,Roma,7,10,6,2,1,0,74,57,3,1,H
17/12/16,Milan,Atalanta,11,14,3,4,0,0,40,29,1,0,D
18/12/16,Chievo,Sampdoria,13,21,5,6,2,1,32,31,2,0,H
18/12/16,Genoa,Palermo,14,13,6,4,3,4,37,25,0,-3,A
18/12/16,Lazio,Fiorentina,11,13,5,6,3,1,49,46,3,-1,H
18/12/16,Napoli,Torino,21,10,10,5,5,3,56,35,4,-1,H
18/12/16,Pescara,Bologna,7,18,1,8,0,3,5,29,-4,0,A
18/12/16,Sassuolo,Inter,11,20,4,6,0,1,35,45,-2,2,A
18/12/16,Udinese,Crotone,14,9,8,4,2,0,29,11,1,-2,H
20/12/16,Atalanta,Empoli,30,3,10,1,2,1,29,24,0,-2,H
21/12/16,Inter,Lazio,11,10,6,4,3,0,45,48,3,1,H
22/12/16,Cagliari,Sassuolo,18,12,10,4,4,3,26,35,0,-2,H
22/12/16,Fiorentina,Napoli,15,9,5,8,3,3,45,55,0,3,D
22/12/16,Palermo,Pescara,5,11,2,2,1,1,25,5,-2,-3,D
22/12/16,Roma,Chievo,25,6,9,2,3,1,57,31,3,0,H
22/12/16,Sampdoria,Udinese,14,11,3,3,0,0,30,28,-1,2,D
22/12/16,Torino,Genoa,10,15,5,4,1,0,36,37,-1,-2,H
07/01/17,Empoli,Palermo,6,13,2,4,1,0,25,25,0,-2,H
07/01/17,Napoli,Sampdoria,23,9,9,2,2,1,56,30,4,-2,H
08/01/17,Chievo,Atalanta,7,18,2,7,1,4,31,30,0,0,A
08/01/17,Genoa,Roma,10,16,4,3,0,1,36,57,-3,3,A
08/01/17,Juventus,Bologna,12,7,4,2,3,0,74,28,3,-2,H
08/01/17,Lazio,Crotone,22,2,5,1,1,0,49,11,1,-2,H
08/01/17,Milan,Cagliari,29,7,4,1,1,0,41,26,2,-2,H
08/01/17,Sassuolo,Torino,7,24,2,1,0,0,34,35,-2,-2,D
08/01/17,Udinese,Inter,12,9,3,4,1,2,28,46,2,3,A
14/01/17,Crotone,Bologna,17,14,6,7,0,1,10,29,-3,0,A
14/01/17,Inter,Chievo,31,5,14,4,3,1,46,31,5,-1,H
15/01/17,Cagliari,Genoa,19,12,12,4,4,1,27,36,-1,-3,H
15/01/17,Fiorentina,Juventus,17,11,6,4,2,1,46,73,0,3,H
15/01/17,Lazio,Atalanta,21,9,5,3,2,1,50,30,3,0,H
15/01/17,Napoli,Pescara,23,8,10,2,3,1,56,5,4,-3,H
15/01/17,Sampdoria,Empoli,16,14,2,2,0,0,30,25,-3,1,D
15/01/17,Sassuolo,Palermo,14,14,7,3,4,1,35,25,-2,-2,H
15/01/17,Udinese,Roma,10,13,5,4,0,1,28,58,0,3,A
16/01/17,Torino,Milan,17,23,7,8,2,2,35,41,-1,1,D
21/01/17,Chievo,Fiorentina,17,10,6,6,0,3,30,46,-3,0,A
21/01/17,Milan,Napoli,13,9,4,5,1,2,40,57,-1,4,A
22/01/17,Atalanta,Sampdoria,13,13,6,3,1,0,30,29,2,-3,H
22/01/17,Bologna,Torino,9,9,5,2,2,0,31,35,2,-1,H
22/01/17,Empoli,Udinese,5,9,1,2,1,0,25,27,2,-2,H
22/01/17,Genoa,Crotone,10,14,4,6,2,2,36,10,-4,-2,D
22/01/17,Juventus,Lazio,7,11,2,2,2,0,74,49,3,1,H
22/01/17,Palermo,Inter,6,16,0,6,0,1,24,47,-2,5,A
22/01/17,Pescara,Sassuolo,19,16,5,5,1,3,5,36,-4,0,A
22/01/17,Roma,Cagliari,18,8,6,0,1,0,58,27,3,-1,H
28/01/17,Inter,Pescara,17,10,7,4,3,0,48,4,5,-4,H
28/01/17,Lazio,Chievo,28,7,8,2,0,1,49,31,-1,-3,A
29/01/17,Cagliari,Bologna,19,8,6,2,1,1,26,30,0,2,D
29/01/17,Crotone,Empoli,14,5,7,3,4,1,14,25,-2,0,H
29/01/17,Fiorentina,Genoa,22,7,8,3,3,3,46,35,1,-3,D
29/01/17,Napoli,Palermo,19,3,10,2,1,1,56,24,3,-3,D
29/01/17,Sampdoria,Roma,18,16,7,10,3,2,30,58,-1,3,H
29/01/17,Sassuolo,Juventus,7,14,3,5,0,2,35,74,0,3,A
29/01/17,Torino,Atalanta,12,17,4,8,1,1,34,30,0,2,D
29/01/17,Udinese,Milan,12,12,5,5,2,1,28,40,-2,-1,H
01/02/17,Pescara,Fiorentina,4,22,3,4,1,2,4,46,-4,3,A
04/02/17,Bologna,Napoli,17,14,7,9,1,7,30,57,0,4,A
05/02/17,Atalanta,Cagliari,13,4,5,0,2,0,31,26,2,-2,H
05/02/17,Chievo,Udinese,6,12,0,1,0,0,31,28,-2,-2,D
05/02/17,Empoli,Torino,10,9,2,4,1,1,25,34,1,-1,D
05/02/17,Genoa,Sassuolo,15,7,4,3,0,1,35,36,-3,2,A
05/02/17,Juventus,Inter,14,12,6,2,1,0,74,47,3,3,H
05/02/17,Milan,Sampdoria,20,7,6,3,0,1,39,31,-2,0,A
05/02/17,Palermo,Crotone,12,9,4,1,1,0,25,13,-2,-2,H
05/02/17,Pescara,Lazio,14,17,6,10,2,6,4,49,-5,1,A
07/02/17,Roma,Fiorentina,23,13,8,2,4,0,58,46,3,2,H
08/02/17,Bologna,Milan,20,5,5,4,0,1,29,40,0,-2,A
08/02/17,Crotone,Juventus,5,17,2,11,0,2,13,74,-2,3,A
10/02/17,Napoli,Genoa,20,6,8,3,2,0,57,35,4,-3,H
11/02/17,Fiorentina,Udinese,14,9,6,4,3,0,47,28,2,-2,H
12/02/17,Cagliari,Juventus,14,13,3,3,0,2,25,75,-2,5,A
12/02/17,Crotone,Roma,13,15,4,3,0,2,12,59,-2,3,A
12/02/17,Inter,Empoli,19,6,8,3,2,0,48,25,3,-1,H
12/02/17,Palermo,Atalanta,13,21,5,5,1,3,25,32,-2,2,A
12/02/17,Sampdoria,Bologna,18,10,5,2,3,1,32,29,2,-2,H
12/02/17,Sassuolo,Chievo,13,19,5,7,1,3,36,32,1,0,A
12/02/17,Torino,Pescara,19,8,9,5,5,3,35,4,0,-5,H
13/02/17,Lazio,Milan,23,9,10,4,1,1,49,40,0,-2,D
17/02/17,Juventus,Palermo,14,8,7,3,4,1,75,24,5,-2,H
18/02/17,Atalanta,Crotone,14,5,3,2,1,0,32,12,4,-3,H
18/02/17,Empoli,Lazio,6,21,2,8,1,2,24,49,-2,0,A
19/02/17,Bologna,Inter,8,16,1,5,0,1,28,48,-4,3,A
19/02/17,Chievo,Napoli,13,17,3,6,1,3,31,58,0,4,A
19/02/17,Milan,Fiorentina,6,18,4,7,2,1,40,46,0,0,H
19/02/17,Pescara,Genoa,8,13,6,2,5,0,8,34,-3,-3,H
19/02/17,Roma,Torino,20,12,7,4,4,1,59,34,3,-1,H
19/02/17,Sampdoria,Cagliari,13,10,2,4,1,1,31,25,2,-3,D
19/02/17,Udinese,Sassuolo,10,14,5,6,1,2,27,36,-2,1,A
25/02/17,Juventus,Empoli,24,6,6,1,2,0,75,24,5,-4,H
25/02/17,Napoli,Atalanta,20,8,8,5,0,2,57,33,2,4,A
26/02/17,Chievo,Pescara,20,13,8,3,2,0,32,7,2,-3,H
26/02/17,Crotone,Cagliari,19,7,1,2,1,2,11,26,-5,-1,A
26/02/17,Genoa,Bologna,20,13,6,4,1,1,34,28,-3,-4,D
26/02/17,Inter,Roma,13,12,3,5,1,3,48,59,1,3,A
26/02/17,Lazio,Udinese,8,13,2,3,1,0,50,27,2,-2,H
26/02/17,Palermo,Sampdoria,16,11,6,3,1,1,24,31,-1,3,D
26/02/17,Sassuolo,Milan,12,13,5,6,0,1,36,41,-1,2,A
27/02/17,Fiorentina,Torino,19,13,7,5,2,2,46,34,0,0,D
04/03/17,Milan,Chievo,22,9,6,3,3,1,41,32,4,0,H
04/03/17,Roma,Napoli,22,13,4,4,1,2,59,57,3,3,A
04/03/17,Sampdoria,Pescara,19,11,7,4,3,1,32,7,3,-3,H
05/03/17,Atalanta,Fiorentina,16,9,4,2,0,0,33,45,4,-1,D
05/03/17,Bologna,Lazio,9,13,3,6,0,2,27,50,-4,4,A
05/03/17,Cagliari,Inter,7,22,4,10,1,5,26,48,-2,1,A
05/03/17,Crotone,Sassuolo,16,9,1,1,0,0,11,35,-4,0,D
05/03/17,Empoli,Genoa,7,8,2,4,0,2,24,35,-4,-2,A
05/03/17,Torino,Palermo,25,7,6,3,3,1,35,24,1,-2,H
05/03/17,Udinese,Juventus,10,9,5,3,1,1,27,74,-3,4,D
10/03/17,Juventus,Milan,24,6,11,2,2,1,75,41,4,2,H
11/03/17,Genoa,Sampdoria,7,13,3,4,0,1,34,32,-2,3,A
12/03/17,Chievo,Empoli,13,12,9,4,4,0,32,24,1,-5,H
12/03/17,Fiorentina,Cagliari,26,12,9,5,1,0,46,25,1,-2,H
12/03/17,Inter,Atalanta,12,10,8,3,7,1,49,32,3,2,H
12/03/17,Napoli,Crotone,15,6,6,2,3,0,58,10,3,-4,H
12/03/17,Palermo,Roma,9,15,3,5,0,3,24,59,-4,3,A
12/03/17,Pescara,Udinese,12,10,3,6,1,3,7,27,-3,-2,A
12/03/17,Sassuolo,Bologna,13,11,5,1,0,1,35,28,-2,-2,A
13/03/17,Lazio,Torino,23,6,5,2,3,1,51,34,4,0,H
18/03/17,Milan,Genoa,20,8,5,2,1,0,41,34,3,-2,H
18/03/17,Torino,Inter,17,19,5,4,2,2,34,48,-1,2,D
19/03/17,Atalanta,Pescara,18,6,7,1,3,0,33,6,2,-3,H
19/03/17,Bologna,Chievo,18,11,5,4,4,1,29,32,0,-1,H
19/03/17,Cagliari,Lazio,4,14,1,4,0,0,25,50,-1,4,D
19/03/17,Crotone,Fiorentina,11,27,1,10,0,1,10,46,-4,1,A
19/03/17,Empoli,Napoli,10,11,4,6,2,3,23,58,-5,3,A
19/03/17,Roma,Sassuolo,22,9,8,4,3,1,60,35,3,-2,H
19/03/17,Sampdoria,Juventus,10,9,5,5,0,1,32,75,1,4,A
19/03/17,Udinese,Palermo,13,6,10,2,4,1,28,23,0,-4,H
01/04/17,Roma,Empoli,20,12,5,3,2,0,60,23,3,-5,H
01/04/17,Sassuolo,Lazio,9,12,3,4,1,2,34,50,-4,4,A
02/04/17,Chievo,Crotone,16,16,4,7,1,2,32,13,-1,-2,A
02/04/17,Fiorentina,Bologna,18,5,6,1,1,0,47,29,3,0,H
02/04/17,Genoa,Atalanta,8,22,4,13,0,5,34,34,-2,2,A
02/04/17,Napoli,Juventus,17,4,4,1,1,1,58,74,2,3,D
02/04/17,Palermo,Cagliari,14,17,5,9,1,3,23,26,-4,0,A
02/04/17,Pescara,Milan,8,26,3,5,1,1,6,41,-4,2,D
02/04/17,Torino,Udinese,22,8,7,3,2,2,34,28,0,1,D
03/04/17,Inter,Sampdoria,18,11,5,3,1,2,48,33,0,2,A
08/04/17,Atalanta,Sassuolo,18,4,7,2,1,1,33,34,1,-3,D
08/04/17,Empoli,Pescara,14,14,4,4,1,1,23,6,-4,-3,D
08/04/17,Juventus,Chievo,17,10,6,3,2,0,74,31,3,-3,H
09/04/17,Bologna,Roma,13,11,4,5,0,3,29,60,-1,3,A
09/04/17,Cagliari,Torino,10,13,2,5,2,3,26,34,-2,1,A
09/04/17,Crotone,Inter,12,17,7,4,2,1,16,47,0,0,H
09/04/17,Lazio,Napoli,17,12,5,7,0,3,50,58,2,4,A
09/04/17,Milan,Palermo,14,8,10,2,4,0,42,23,2,-5,H
09/04/17,Sampdoria,Fiorentina,10,19,4,4,2,2,32,46,2,3,D
09/04/17,Udinese,Genoa,9,13,3,3,3,0,29,33,3,-3,H
15/04/17,Cagliari,Chievo,23,16,11,2,4,0,27,31,0,-3,H
15/04/17,Fiorentina,Empoli,18,11,7,5,1,2,46,24,2,-2,A
15/04/17,Genoa,Lazio,13,21,6,6,2,2,33,50,-4,1,D
15/04/17,Inter,Milan,10,14,4,6,2,2,47,41,-1,1,D
15/04/17,Napoli,Udinese,19,7,6,2,3,0,58,28,4,2,H
15/04/17,Palermo,Bologna,16,7,2,4,0,0,23,28,-4,0,D
15/04/17,Pescara,Juventus,6,14,2,7,0,2,6,75,-3,4,A
15/04/17,Roma,Atalanta,21,6,5,1,1,1,60,33,4,1,D
15/04/17,Sassuolo,Sampdoria,8,13,3,3,2,1,35,32,-2,0,H
15/04/17,Torino,Crotone,24,8,8,1,1,1,34,15,0,0,D
22/04/17,Atalanta,Bologna,5,11,3,6,3,2,33,28,3,-2,H
22/04/17,Fiorentina,Inter,13,10,9,6,5,4,46,46,2,-3,H
23/04/17,Chievo,Torino,13,22,3,5,1,3,31,34,-5,2,A
23/04/17,Juventus,Genoa,18,11,4,2,4,0,75,33,4,-4,H
23/04/17,Lazio,Palermo,17,7,7,2,6,2,50,22,1,-4,H
23/04/17,Milan,Empoli,28,11,12,7,1,2,41,24,1,0,A
23/04/17,Sampdoria,Crotone,10,14,5,6,1,2,32,18,-2,2,A
23/04/17,Sassuolo,Napoli,8,20,4,6,2,2,34,58,-1,3,D
23/04/17,Udinese,Cagliari,18,12,5,3,2,1,29,26,2,0,H
24/04/17,Pescara,Roma,16,23,4,6,1,4,6,60,-3,4,A
28/04/17,Atalanta,Juventus,13,16,7,8,2,2,33,74,2,3,D
29/04/17,Torino,Sampdoria,25,7,5,4,1,1,34,31,2,-1,D
30/04/17,Bologna,Udinese,11,6,6,2,4,0,29,29,-2,0,H
30/04/17,Cagliari,Pescara,15,14,4,8,1,0,27,5,1,-3,H
30/04/17,Crotone,Milan,11,13,3,7,1,1,17,40,3,0,D
30/04/17,Empoli,Sassuolo,18,11,9,6,1,3,24,35,0,1,A
30/04/17,Genoa,Chievo,15,8,1,2,1,2,32,31,-4,-3,A
30/04/17,Inter,Napoli,14,16,3,4,0,1,46,58,-4,3,A
30/04/17,Palermo,Fiorentina,10,13,2,3,2,0,23,46,-2,0,H
30/04/17,Roma,Lazio,12,14,6,7,1,3,60,50,2,2,A
06/05/17,Juventus,Torino,22,9,5,2,1,1,73,34,3,2,D
06/05/17,Napoli,Cagliari,28,8,9,3,3,1,59,27,4,-1,H
07/05/17,Chievo,Palermo,5,15,2,5,1,1,31,23,-2,-1,D
07/05/17,Empoli,Bologna,20,6,8,3,3,1,25,28,2,-2,H
07/05/17,Genoa,Inter,10,11,5,4,1,0,33,45,-2,-4,H
07/05/17,Lazio,Sampdoria,19,8,11,7,7,3,51,31,2,-3,H
07/05/17,Milan,Roma,13,24,2,10,1,4,40,60,-1,2,A
07/05/17,Pescara,Crotone,10,13,2,3,0,1,5,20,-4,3,A
07/05/17,Sassuolo,Fiorentina,12,13,8,6,2,2,35,45,2,-1,D
07/05/17,Udinese,Atalanta,12,9,5,4,1,1,28,33,0,1,D
13/05/17,Atalanta,Milan,14,13,7,4,1,1,33,40,1,-2,D
13/05/17,Fiorentina,Lazio,18,14,9,5,3,2,46,50,0,2,H
14/05/17,Bologna,Pescara,15,15,7,4,3,1,29,5,0,-5,H
14/05/17,Cagliari,Empoli,15,12,6,3,3,2,28,25,1,1,H
14/05/17,Crotone,Udinese,11,13,7,4,1,0,22,28,3,-2,H
14/05/17,Inter,Sassuolo,23,12,7,4,1,2,45,35,-4,3,A
14/05/17,Palermo,Genoa,10,13,3,3,1,0,24,33,1,-2,H
14/05/17,Roma,Juventus,14,16,7,5,3,1,60,73,2,1,H
14/05/17,Sampdoria,Chievo,12,7,3,1,1,1,31,31,-3,-1,D
14/05/17,Torino,Napoli,10,15,1,6,0,5,33,59,0,4,A
20/05/17,Chievo,Roma,11,19,4,11,3,5,31,61,-1,3,A
20/05/17,Napoli,Fiorentina,19,14,9,5,4,1,59,46,4,0,H
21/05/17,Empoli,Atalanta,8,13,3,5,0,1,24,33,-1,2,A
21/05/17,Genoa,Torino,8,4,4,1,2,1,33,33,-1,-1,H
21/05/17,Juventus,Crotone,19,9,7,2,3,0,73,21,1,2,H
21/05/17,Lazio,Inter,7,9,1,3,1,3,50,46,1,-3,A
21/05/17,Milan,Bologna,23,8,6,0,3,0,40,29,-1,-1,H
21/05/17,Sassuolo,Cagliari,13,14,8,6,6,2,36,28,3,-1,H
21/05/17,Udinese,Sampdoria,12,8,3,4,1,1,28,31,-1,-2,D
22/05/17,Pescara,Palermo,12,12,4,3,2,0,8,23,-3,0,H
27/05/17,Atalanta,Chievo,13,6,6,3,1,0,34,30,2,-1,H
27/05/17,Bologna,Juventus,8,17,2,7,1,2,28,73,-1,1,A
28/05/17,Cagliari,Milan,17,18,9,7,2,1,28,40,1,-1,H
28/05/17,Crotone,Lazio,11,9,5,3,3,1,23,50,2,-1,H
28/05/17,Fiorentina,Pescara,24,15,8,6,2,2,45,7,-1,-2,D
28/05/17,Inter,Udinese,17,17,6,4,5,2,46,28,-1,-3,H
28/05/17,Palermo,Empoli,10,17,5,4,2,1,24,24,2,-3,H
28/05/17,Roma,Genoa,24,13,7,4,3,2,61,33,3,-1,H
28/05/17,Sampdoria,Napoli,12,22,2,7,2,4,30,60,-2,5,A
28/05/17,Torino,Sassuolo,16,21,9,7,5,3,34,36,-1,2,H
19/08/17,Juventus,Cagliari,17,5,7,2,3,0,73,28,2,-1,H
19/08/17,Verona,Napoli,12,22,4,12,1,3,20,60,-1,5,A
20/08/17,Atalanta,Roma,14,6,6,1,0,1,33,61,1,5,A
20/08/17,Bologna,Torino,13,9,3,3,1,1,28,33,-2,-1,D
20/08/17,Crotone,Milan,6,19,2,10,0,3,23,40,1,0,A
20/08/17,Inter,Fiorentina,16,15,6,3,3,0,47,45,1,-1,H
20/08/17,Lazio,Spal,23,9,13,2,0,0,49,0,-2,0,D
20/08/17,Sampdoria,Benevento,16,18,6,7,2,1,31,0,-1,-1,H
20/08/17,Sassuolo,Genoa,14,12,3,4,0,0,35,33,1,0,D
20/08/17,Udinese,Chievo,18,10,5,3,1,2,27,31,-3,-1,A
26/08/17,Benevento,Bologna,15,14,5,4,0,1,0,29,-2,0,A
26/08/17,Genoa,Juventus,9,17,3,7,2,4,32,74,-2,3,A
26/08/17,Roma,Inter,18,14,3,8,1,3,61,47,3,3,A
27/08/17,Chievo,Lazio,13,13,5,3,1,2,31,50,-2,-2,A
27/08/17,Crotone,Verona,13,5,4,0,0,0,22,20,0,-2,D
27/08/17,Fiorentina,Sampdoria,25,12,10,5,1,2,44,31,-2,1,A
27/08/17,Milan,Cagliari,15,14,5,4,2,1,41,28,2,-1,H
27/08/17,Napoli,Atalanta,10,14,4,2,3,1,60,33,5,0,H
27/08/17,Spal,Udinese,10,11,4,3,3,2,50,27,1,-4,H
27/08/17,Torino,Sassuolo,14,19,5,2,3,0,34,35,0,0,H
09/09/17,Juventus,Chievo,15,15,4,2,3,0,74,30,5,-3,H
10/09/17,Atalanta,Sassuolo,9,16,3,3,2,1,34,35,1,-2,H
10/09/17,Benevento,Torino,15,16,5,6,0,1,0,35,-3,2,A
10/09/17,Bologna,Napoli,5,17,2,7,0,3,29,61,-2,5,A
10/09/17,Cagliari,Crotone,13,9,4,2,1,0,29,22,-1,-2,H
10/09/17,Inter,Spal,19,9,7,1,2,0,47,33,5,0,H
10/09/17,Lazio,Milan,12,18,7,6,4,1,50,41,0,1,H
10/09/17,Udinese,Genoa,14,12,5,2,1,0,28,32,-2,-2,H
10/09/17,Verona,Fiorentina,14,20,2,10,0,5,20,45,-2,-2,A
16/09/17,Crotone,Inter,12,7,4,3,0,2,21,48,-2,5,A
16/09/17,Fiorentina,Bologna,14,6,4,2,2,1,45,28,0,-2,H
16/09/17,Roma,Verona,30,8,10,1,3,0,61,20,3,-4,H
17/09/17,Chievo,Atalanta,15,10,4,6,1,1,30,33,-2,0,D
17/09/17,Genoa,Lazio,5,18,4,6,2,3,32,50,-4,2,A
17/09/17,Milan,Udinese,21,4,7,2,2,1,41,28,1,-3,H
17/09/17,Napoli,Benevento,27,6,14,0,6,0,61,0,5,-4,H
17/09/17,Sassuolo,Juventus,13,14,4,6,1,3,34,74,-4,5,A
17/09/17,Spal,Cagliari,12,11,3,3,0,2,25,30,-1,1,A
17/09/17,Torino,Sampdoria,13,11,3,5,2,2,34,31,3,1,D
19/09/17,Bologna,Inter,14,11,3,3,1,1,28,47,-1,4,D
20/09/17,Atalanta,Crotone,14,7,11,5,5,1,34,20,0,-4,H
20/09/17,Benevento,Roma,16,21,5,7,0,4,0,61,-5,3,A
20/09/17,Cagliari,Sassuolo,17,14,3,6,0,1,29,35,-1,-2,A
20/09/17,Genoa,Chievo,11,16,2,7,1,1,31,30,-3,-1,D
20/09/17,Juventus,Fiorentina,12,9,5,0,1,0,74,45,5,-1,H
20/09/17,Lazio,Napoli,4,17,2,11,1,4,50,61,2,5,A
20/09/17,Milan,Spal,20,6,7,0,2,0,42,20,3,-2,H
20/09/17,Udinese,Torino,16,13,6,8,2,3,27,35,-3,3,A
20/09/17,Verona,Sampdoria,14,17,6,5,0,0,19,31,-3,1,D
23/09/17,Juventus,Torino,23,6,10,1,4,0,75,35,5,2,H
23/09/17,Roma,Udinese,18,14,8,5,3,1,62,27,3,-3,H
23/09/17,Spal,Napoli,6,21,2,12,2,3,16,62,-3,5,A
24/09/17,Cagliari,Chievo,15,16,3,4,0,2,29,30,-1,-1,A
24/09/17,Crotone,Benevento,17,16,4,2,2,0,22,0,-2,-5,H
24/09/17,Fiorentina,Atalanta,10,16,2,5,1,1,45,34,0,1,D
24/09/17,Inter,Genoa,14,9,7,3,1,0,48,31,4,-4,H
24/09/17,Sampdoria,Milan,12,6,4,0,2,0,31,41,3,1,H
24/09/17,Sassuolo,Bologna,8,8,3,4,0,1,35,29,-3,0,A
24/09/17,Verona,Lazio,9,12,2,5,0,3,19,50,-3,3,A
30/09/17,Genoa,Bologna,18,8,7,4,0,1,31,30,-4,0,A
30/09/17,Udinese,Sampdoria,15,13,7,2,4,0,28,31,-1,1,H
01/10/17,Atalanta,Juventus,7,16,3,8,2,2,33,74,2,4,D
01/10/17,Benevento,Inter,11,22,2,7,1,2,0,48,-5,4,A
01/10/17,Chievo,Fiorentina,13,22,6,4,2,1,31,44,1,0,H
01/10/17,Lazio,Sassuolo,22,8,13,6,6,1,51,34,3,-3,H
01/10/17,Milan,Roma,17,11,3,6,0,2,41,62,-1,3,A
01/10/17,Napoli,Cagliari,25,4,6,0,3,0,62,28,5,-1,H
01/10/17,Spal,Crotone,17,13,5,4,1,1,14,22,-4,-2,D
01/10/17,Torino,Verona,12,20,5,7,2,2,34,19,1,-3,D
14/10/17,Juventus,Lazio,18,10,6,5,1,2,73,51,2,3,A
14/10/17,Roma,Napoli,10,16,2,6,0,1,62,62,3,5,A
15/10/17,Bologna,Spal,14,7,2,2,2,1,31,12,2,-4,H
15/10/17,Cagliari,Genoa,12,18,7,11,2,3,28,32,-3,-2,A
15/10/17,Crotone,Torino,9,21,3,9,2,2,21,34,-1,0,D
15/10/17,Fiorentina,Udinese,13,8,6,2,2,1,45,27,0,-3,H
15/10/17,Inter,Milan,15,21,6,6,3,2,49,41,4,-1,H
15/10/17,Sampdoria,Atalanta,11,21,7,11,3,1,32,33,1,0,H
15/10/17,Sassuolo,Chievo,18,9,4,2,0,0,34,31,-2,2,D
16/10/17,Verona,Benevento,13,8,3,1,1,0,20,0,-1,-5,H
21/10/17,Napoli,Inter,12,11,3,2,0,0,62,48,4,3,D
21/10/17,Sampdoria,Crotone,6,8,5,2,5,0,32,21,2,-1,H
22/10/17,Atalanta,Bologna,20,6,2,0,1,0,34,30,1,2,H
22/10/17,Benevento,Fiorentina,9,14,1,7,0,3,0,45,-5,0,A
22/10/17,Chievo,Verona,22,11,8,3,3,2,31,20,3,-1,H
22/10/17,Lazio,Cagliari,10,12,3,5,3,0,52,28,3,-5,H
22/10/17,Milan,Genoa,18,12,7,2,0,0,40,31,-2,-1,D
22/10/17,Spal,Sassuolo,13,12,2,2,0,1,11,35,-4,0,A
22/10/17,Torino,Roma,5,16,0,5,0,1,34,62,-1,3,A
22/10/17,Udinese,Juventus,11,13,4,5,2,6,27,74,-3,2,A
24/10/17,Inter,Sampdoria,24,12,8,2,3,2,49,32,4,1,H
25/10/17,Atalanta,Verona,23,11,7,4,3,0,34,19,1,-2,H
25/10/17,Bologna,Lazio,7,14,3,3,1,2,30,52,1,5,A
25/10/17,Cagliari,Benevento,13,9,5,3,2,1,29,0,-3,-5,H
25/10/17,Chievo,Milan,9,17,3,4,1,4,31,41,2,-2,A
25/10/17,Fiorentina,Torino,15,5,7,0,3,0,46,33,2,-3,H
25/10/17,Genoa,Napoli,7,19,4,6,2,3,31,62,-2,4,A
25/10/17,Juventus,Spal,16,6,6,2,4,1,74,10,2,-4,H
25/10/17,Roma,Crotone,20,3,4,2,1,0,62,20,3,-1,H
25/10/17,Sassuolo,Udinese,11,8,3,2,0,1,34,28,-2,-1,A
28/10/17,Milan,Juventus,11,9,4,4,0,2,40,74,-2,2,A
28/10/17,Roma,Bologna,15,10,3,2,1,0,62,29,3,-1,H
29/10/17,Benevento,Lazio,19,12,6,9,1,5,0,52,-5,5,A
29/10/17,Crotone,Fiorentina,11,17,5,3,2,1,22,45,-1,1,H
29/10/17,Napoli,Sassuolo,26,8,9,1,3,1,62,34,4,-2,H
29/10/17,Sampdoria,Chievo,15,13,7,6,4,1,33,31,1,0,H
29/10/17,Spal,Genoa,7,13,3,2,1,0,18,31,-2,-2,H
29/10/17,Torino,Cagliari,19,7,6,3,2,1,34,28,-1,-3,H
29/10/17,Udinese,Atalanta,7,7,4,2,2,1,28,34,1,0,H
30/10/17,Verona,Inter,10,17,2,4,1,2,19,49,-2,4,A
04/11/17,Bologna,Crotone,15,10,5,6,2,3,29,24,-3,0,A
04/11/17,Genoa,Sampdoria,14,11,2,5,0,2,31,33,-2,3,A
05/11/17,Atalanta,Spal,9,11,3,3,1,1,34,16,0,-2,D
05/11/17,Cagliari,Verona,22,9,9,2,2,1,29,19,-1,-3,H
05/11/17,Chievo,Napoli,3,19,1,5,0,0,31,62,-1,3,D
05/11/17,Fiorentina,Roma,20,21,6,10,2,4,45,63,1,3,A
05/11/17,Inter,Torino,20,7,5,3,1,1,49,34,3,-1,D
05/11/17,Juventus,Benevento,27,3,8,1,2,1,74,0,3,-5,H
05/11/17,Sassuolo,Milan,6,14,1,10,0,2,34,41,-2,0,A
18/11/17,Napoli,Milan,16,13,10,3,2,1,62,40,3,0,H
18/11/17,Roma,Lazio,16,12,7,2,2,1,63,52,5,3,H
19/11/17,Benevento,Sassuolo,13,15,6,5,1,2,0,34,-5,-1,A
19/11/17,Crotone,Genoa,11,10,5,7,0,1,23,31,-1,-2,A
19/11/17,Inter,Atalanta,8,8,4,1,2,0,49,33,3,0,H
19/11/17,Sampdoria,Juventus,9,19,5,4,3,2,34,74,3,3,H
19/11/17,Spal,Fiorentina,7,20,1,5,1,1,15,44,-1,0,D
19/11/17,Torino,Chievo,19,12,5,4,1,1,33,30,-1,-1,D
19/11/17,Udinese,Cagliari,14,12,5,4,0,1,28,30,-1,1,A
20/11/17,Verona,Bologna,17,12,5,5,2,3,19,30,-5,-3,A
25/11/17,Bologna,Sampdoria,11,20,6,7,3,0,31,33,-1,1,H
25/11/17,Cagliari,Inter,15,10,4,4,1,3,30,50,1,4,A
25/11/17,Chievo,Spal,12,14,3,5,2,1,31,14,-1,-1,H
25/11/17,Sassuolo,Verona,20,9,3,6,0,2,34,20,-3,-3,A
26/11/17,Genoa,Roma,9,14,4,4,1,1,31,63,-2,4,D
26/11/17,Juventus,Crotone,25,4,10,1,3,0,74,23,3,-1,H
26/11/17,Lazio,Fiorentina,13,16,7,8,1,1,52,44,2,-1,D
26/11/17,Milan,Torino,17,8,6,2,0,0,40,33,0,0,D
26/11/17,Udinese,Napoli,10,9,2,4,0,1,28,63,-1,4,A
27/11/17,Atalanta,Benevento,14,6,4,2,1,0,34,0,0,-5,H
01/12/17,Napoli,Juventus,21,7,6,4,0,1,62,74,2,3,A
01/12/17,Roma,Spal,37,3,15,2,3,1,63,13,4,-1,H
02/12/17,Torino,Atalanta,9,14,4,6,1,1,33,34,1,-1,D
03/12/17,Benevento,Milan,17,12,6,7,2,2,0,40,-4,-1,D
03/12/17,Bologna,Cagliari,13,8,3,2,1,1,30,29,0,0,D
03/12/17,Fiorentina,Sassuolo,23,8,9,1,3,0,45,34,-1,-3,H
03/12/17,Inter,Chievo,37,7,13,4,5,0,50,31,4,-1,H
03/12/17,Sampdoria,Lazio,16,14,3,3,1,2,33,52,1,2,A
04/12/17,Crotone,Udinese,9,15,2,6,0,3,22,28,-1,1,A
04/12/17,Verona,Genoa,15,9,3,1,0,1,19,31,-3,0,A
09/12/17,Cagliari,Sampdoria,14,16,6,9,2,2,29,33,1,0,D
09/12/17,Juventus,Inter,19,6,8,1,0,0,73,50,2,3,D
10/12/17,Chievo,Roma,9,24,1,8,0,0,30,62,0,3,D
10/12/17,Milan,Bologna,21,10,7,2,2,1,40,30,1,0,H
10/12/17,Napoli,Fiorentina,10,6,4,3,0,0,62,44,1,0,D
10/12/17,Sassuolo,Crotone,16,8,7,2,2,1,34,22,-1,-3,H
10/12/17,Spal,Verona,19,16,10,8,2,2,12,19,-2,-2,D
10/12/17,Udinese,Benevento,9,20,2,5,2,0,29,0,1,-4,H
11/12/17,Lazio,Torino,20,18,7,6,1,3,51,33,0,1,A
12/12/17,Genoa,Atalanta,15,13,4,7,1,2,31,34,0,1,A
16/12/17,Inter,Udinese,26,8,8,5,1,3,49,30,2,1,A
16/12/17,Roma,Cagliari,21,3,6,0,1,0,63,29,3,-1,H
16/12/17,Torino,Napoli,8,12,2,4,1,3,33,62,0,2,A
17/12/17,Atalanta,Lazio,13,13,6,4,3,3,34,51,1,-1,D
17/12/17,Benevento,Spal,16,14,4,5,1,2,0,17,-4,-1,A
17/12/17,Bologna,Juventus,3,11,1,6,0,3,30,74,0,2,A
17/12/17,Crotone,Chievo,15,15,6,4,1,0,23,30,-3,-1,H
17/12/17,Fiorentina,Genoa,22,5,4,3,0,0,44,31,1,1,D
17/12/17,Sampdoria,Sassuolo,13,15,2,7,0,1,33,35,-2,1,A
17/12/17,Verona,Milan,6,30,4,8,3,0,20,40,0,-1,H
22/12/17,Cagliari,Fiorentina,8,26,1,7,0,1,28,44,-3,2,A
22/12/17,Chievo,Bologna,21,9,8,5,2,3,30,30,-2,0,A
23/12/17,Genoa,Benevento,15,12,5,3,1,0,31,0,1,-4,H
23/12/17,Juventus,Roma,22,13,7,3,1,0,74,62,4,1,H
23/12/17,Lazio,Crotone,19,8,6,2,4,0,51,23,1,-3,H
23/12/17,Milan,Atalanta,23,11,5,7,0,2,40,34,-1,3,A
23/12/17,Napoli,Sampdoria,14,6,9,2,3,2,62,32,2,-4,H
23/12/17,Sassuolo,Inter,9,16,4,4,1,0,35,49,1,0,H
23/12/17,Spal,Torino,15,15,4,5,2,2,16,33,-1,0,D
23/12/17,Udinese,Verona,27,3,10,0,4,0,30,20,3,0,H
29/12/17,Crotone,Napoli,5,23,2,7,0,1,22,62,-3,2,A
30/12/17,Atalanta,Cagliari,25,4,6,3,1,2,34,29,1,-1,A
30/12/17,Benevento,Chievo,18,9,9,3,1,0,5,30,-2,-4,H
30/12/17,Bologna,Udinese,12,7,3,4,1,2,30,31,-2,5,A
30/12/17,Fiorentina,Milan,18,8,6,4,1,1,44,39,2,-1,D
30/12/17,Inter,Lazio,10,12,3,4,0,0,48,51,-1,1,D
30/12/17,Roma,Sassuolo,21,15,4,5,1,1,62,35,1,2,D
30/12/17,Sampdoria,Spal,20,9,8,2,2,0,33,15,-2,-1,H
30/12/17,Torino,Genoa,17,3,6,1,0,0,33,31,0,1,D
30/12/17,Verona,Juventus,3,18,1,8,1,3,20,74,-2,4,A
05/01/18,Chievo,Udinese,11,9,6,1,1,1,29,30,-3,4,D
05/01/18,Fiorentina,Inter,23,13,4,4,1,1,44,48,1,-2,D
06/01/18,Benevento,Sampdoria,16,13,4,6,3,2,10,33,-1,-2,H
06/01/18,Cagliari,Juventus,9,16,2,2,0,1,29,74,-2,4,A
06/01/18,Genoa,Sassuolo,7,10,3,1,1,0,32,35,1,2,H
06/01/18,Milan,Crotone,26,8,9,2,1,0,40,22,0,-3,H
06/01/18,Napoli,Verona,24,3,9,1,2,0,63,19,4,-2,H
06/01/18,Roma,Atalanta,18,11,5,4,1,2,61,35,-1,2,A
06/01/18,Spal,Lazio,13,15,4,7,2,5,15,51,-1,1,A
06/01/18,Torino,Bologna,19,6,6,1,3,0,33,30,1,-3,H
21/01/18,Atalanta,Napoli,9,12,3,3,0,1,34,63,0,5,A
21/01/18,Bologna,Benevento,8,4,6,1,3,0,30,9,-1,-1,H
21/01/18,Cagliari,Milan,12,16,3,6,1,2,28,40,-3,0,A
21/01/18,Inter,Roma,17,7,7,1,1,1,48,61,-2,-1,D
21/01/18,Lazio,Chievo,18,9,11,3,5,1,52,29,3,-4,H
21/01/18,Sampdoria,Fiorentina,14,12,10,5,3,1,33,43,-1,0,H
21/01/18,Sassuolo,Torino,18,9,6,4,1,1,34,33,1,0,D
21/01/18,Udinese,Spal,6,14,1,4,1,1,30,14,3,-1,D
21/01/18,Verona,Crotone,10,9,2,5,0,3,19,23,-3,-1,A
22/01/18,Juventus,Genoa,15,3,5,0,1,0,74,31,5,1,H
24/01/18,Lazio,Udinese,11,12,7,4,3,0,52,30,4,1,H
24/01/18,Sampdoria,Roma,13,20,3,4,1,1,33,60,0,-2,D
27/01/18,Chievo,Juventus,1,16,1,7,0,2,29,75,-4,5,A
27/01/18,Sassuolo,Atalanta,10,17,1,10,0,3,34,35,-1,1,A
28/01/18,Crotone,Cagliari,13,6,6,3,1,1,23,28,-2,-2,D
28/01/18,Fiorentina,Verona,28,8,6,5,1,4,43,20,-1,-3,A
28/01/18,Genoa,Udinese,19,6,2,1,0,1,31,30,0,1,A
28/01/18,Milan,Lazio,11,13,5,4,2,1,41,52,2,2,H
28/01/18,Napoli,Bologna,9,10,4,5,3,1,63,30,5,-1,H
28/01/18,Roma,Sampdoria,19,15,8,10,0,1,60,33,-2,2,A
28/01/18,Spal,Inter,12,10,3,6,1,1,13,47,-2,-1,D
28/01/18,Torino,Benevento,14,6,5,1,3,0,33,9,2,-1,H
03/02/18,Inter,Crotone,11,11,2,2,1,1,47,23,0,-1,D
03/02/18,Sampdoria,Torino,9,14,3,5,1,1,33,33,1,2,D
04/02/18,Atalanta,Chievo,24,4,4,0,1,0,35,29,1,-4,H
04/02/18,Benevento,Napoli,14,17,4,5,0,2,8,64,-1,5,A
04/02/18,Bologna,Fiorentina,8,11,4,6,1,2,30,43,-3,-1,A
04/02/18,Cagliari,Spal,10,10,4,3,2,0,29,13,0,-3,H
04/02/18,Juventus,Sassuolo,17,5,10,1,7,0,75,34,5,-3,H
04/02/18,Udinese,Milan,13,15,3,4,1,1,30,40,0,3,D
04/02/18,Verona,Roma,9,17,1,8,0,1,20,60,-3,-1,A
05/02/18,Lazio,Genoa,22,6,5,4,1,2,51,32,1,0,A
09/02/18,Fiorentina,Juventus,12,4,2,3,0,2,43,75,-2,5,A
10/02/18,Crotone,Atalanta,9,13,4,4,1,1,22,35,0,2,D
10/02/18,Napoli,Lazio,17,5,7,1,4,1,64,51,5,-1,H
10/02/18,Spal,Milan,8,21,0,9,0,4,12,41,-3,4,A
11/02/18,Chievo,Genoa,6,10,1,3,0,1,29,32,-4,1,A
11/02/18,Inter,Bologna,15,8,5,4,2,1,47,30,1,-3,H
11/02/18,Roma,Benevento,20,6,9,3,5,2,60,8,1,-3,H
11/02/18,Sampdoria,Verona,22,6,10,1,2,0,34,20,3,-3,H
11/02/18,Sassuolo,Cagliari,15,5,1,2,0,0,34,29,-3,-1,D
11/02/18,Torino,Udinese,14,12,7,0,2,0,34,30,3,-1,H
17/02/18,Chievo,Cagliari,9,5,5,3,2,1,29,28,-3,-1,H
17/02/18,Genoa,Inter,9,14,2,5,2,0,33,47,1,0,H
17/02/18,Udinese,Roma,8,18,3,7,0,2,30,61,-2,2,A
18/02/18,Atalanta,Fiorentina,7,17,3,2,1,1,35,43,1,-2,D
18/02/18,Benevento,Crotone,16,19,8,3,3,2,12,22,-3,0,H
18/02/18,Bologna,Sassuolo,10,19,6,6,2,1,30,33,-1,-3,H
18/02/18,Milan,Sampdoria,20,9,8,2,1,0,41,33,4,1,H
18/02/18,Napoli,Spal,19,4,5,1,1,0,64,12,5,-3,H
18/02/18,Torino,Juventus,6,8,3,3,0,1,33,75,1,5,A
19/02/18,Lazio,Verona,33,5,10,0,2,0,51,19,-1,-3,H
24/02/18,Bologna,Genoa,7,16,4,3,2,0,31,32,-1,1,H
24/02/18,Inter,Benevento,9,10,4,1,2,0,47,11,1,-3,H
25/02/18,Crotone,Spal,17,10,7,6,2,3,21,15,-2,-2,A
25/02/18,Fiorentina,Chievo,14,5,5,2,1,0,43,29,0,-3,H
25/02/18,Roma,Milan,18,10,3,5,0,2,60,42,1,4,A
25/02/18,Sampdoria,Udinese,14,16,3,4,2,1,34,30,2,-2,H
25/02/18,Sassuolo,Lazio,15,6,4,4,0,3,33,52,-4,-1,A
25/02/18,Verona,Torino,7,12,4,2,2,1,20,33,-1,0,H
26/02/18,Cagliari,Napoli,7,18,3,8,0,5,28,64,-1,5,A
03/03/18,Lazio,Juventus,4,6,2,1,0,1,51,75,-1,5,A
03/03/18,Napoli,Roma,26,11,13,5,2,4,64,61,3,3,A
03/03/18,Spal,Bologna,11,6,1,0,1,0,18,31,-1,-1,H
09/03/18,Roma,Torino,15,10,5,3,3,0,61,33,3,-2,H
10/03/18,Verona,Chievo,7,10,2,2,1,0,21,29,-1,-3,H
11/03/18,Bologna,Atalanta,10,21,1,5,0,1,30,35,-1,3,A
11/03/18,Cagliari,Lazio,5,12,4,4,2,2,28,51,-1,0,D
11/03/18,Crotone,Sampdoria,14,11,8,2,4,1,23,34,-1,0,H
11/03/18,Fiorentina,Benevento,14,11,5,3,1,0,44,11,2,-3,H
11/03/18,Genoa,Milan,9,14,2,7,0,1,32,42,1,4,A
11/03/18,Inter,Napoli,3,11,1,2,0,0,47,63,1,2,D
11/03/18,Juventus,Udinese,11,5,4,1,2,0,75,29,5,-4,H
11/03/18,Sassuolo,Spal,15,6,4,2,1,1,33,17,-3,0,D
14/03/18,Juventus,Atalanta,15,8,3,0,2,0,76,35,5,1,H
17/03/18,Spal,Juventus,3,12,0,3,0,0,17,75,1,4,D
17/03/18,Udinese,Sassuolo,11,12,3,3,1,2,29,33,-5,-1,A
18/03/18,Benevento,Cagliari,15,12,4,3,1,2,10,28,-3,-1,A
18/03/18,Crotone,Roma,8,20,3,8,0,2,22,61,-2,3,A
18/03/18,Lazio,Bologna,21,10,4,3,1,1,51,30,1,0,D
18/03/18,Milan,Chievo,18,6,6,2,3,2,43,28,5,-3,H
18/03/18,Napoli,Genoa,16,12,4,3,1,0,64,32,2,-1,H
18/03/18,Sampdoria,Inter,10,15,2,8,0,5,33,47,-1,2,A
18/03/18,Torino,Fiorentina,10,13,3,5,1,2,33,44,-3,2,A
18/03/18,Verona,Atalanta,6,24,0,11,0,5,21,35,-1,1,A
31/03/18,Atalanta,Udinese,23,9,7,2,2,0,36,29,2,-5,H
31/03/18,Bologna,Roma,6,17,1,5,1,1,30,61,-1,2,D
31/03/18,Cagliari,Torino,9,13,2,6,0,4,28,33,-2,-3,A
31/03/18,Chievo,Sampdoria,7,15,4,7,2,1,29,33,-1,-3,H
31/03/18,Fiorentina,Crotone,15,6,6,2,2,0,44,22,4,-3,H
31/03/18,Genoa,Spal,15,7,2,4,1,1,32,16,-2,2,D
31/03/18,Inter,Verona,23,8,4,1,3,0,48,21,2,-1,H
31/03/18,Juventus,Milan,7,10,4,5,3,1,75,42,4,3,H
31/03/18,Lazio,Benevento,27,6,14,3,6,2,51,10,1,-3,H
31/03/18,Sassuolo,Napoli,10,12,4,4,1,1,33,63,-1,1,D
03/04/18,Atalanta,Sampdoria,16,10,1,3,1,2,36,34,1,-1,A
03/04/18,Genoa,Cagliari,8,9,2,4,2,1,32,28,-2,-2,H
03/04/18,Udinese,Fiorentina,13,15,4,4,0,2,29,45,-5,5,A
04/04/18,Benevento,Verona,22,3,15,0,3,0,13,20,-3,-1,H
04/04/18,Chievo,Sassuolo,6,12,2,4,1,1,29,33,-2,0,D
04/04/18,Milan,Inter,13,14,3,2,0,0,42,47,2,3,D
04/04/18,Torino,Crotone,9,12,5,2,4,1,34,22,-1,-3,H
07/04/18,Benevento,Juventus,16,15,6,5,2,4,12,75,-3,4,A
07/04/18,Roma,Fiorentina,25,4,9,3,0,2,60,45,2,5,A
07/04/18,Sampdoria,Genoa,18,7,4,2,0,0,33,32,-2,-1,D
07/04/18,Spal,Atalanta,8,19,4,6,1,1,16,35,1,0,D
08/04/18,Crotone,Bologna,6,11,5,1,1,0,23,29,-1,-3,H
08/04/18,Milan,Sassuolo,22,8,8,3,1,1,42,33,1,1,D
08/04/18,Napoli,Chievo,31,4,12,2,2,1,63,29,1,-2,H
08/04/18,Torino,Inter,10,15,3,8,1,0,34,47,1,1,H
08/04/18,Udinese,Lazio,10,14,3,4,1,2,29,51,-5,1,A
08/04/18,Verona,Cagliari,11,10,4,3,1,0,21,28,-1,-2,H
14/04/18,Atalanta,Inter,16,10,4,2,0,0,35,47,1,1,D
14/04/18,Cagliari,Udinese,12,7,3,1,2,1,28,28,-1,-5,H
14/04/18,Chievo,Torino,6,12,0,3,0,0,28,34,-1,2,D
14/04/18,Genoa,Crotone,17,10,5,1,1,0,32,22,1,-3,H
15/04/18,Bologna,Verona,14,8,6,1,2,0,30,21,-1,-3,H
15/04/18,Fiorentina,Spal,24,4,6,1,0,0,45,15,4,0,D
15/04/18,Juventus,Sampdoria,16,8,5,3,3,0,76,33,4,-2,H
15/04/18,Lazio,Roma,7,10,1,1,0,0,51,60,2,1,D
15/04/18,Milan,Napoli,13,15,2,4,0,0,41,63,0,2,D
15/04/18,Sassuolo,Benevento,15,10,3,2,2,2,32,12,1,-2,D
17/04/18,Inter,Cagliari,20,0,9,0,4,0,47,28,1,-3,H
18/04/18,Benevento,Atalanta,12,12,4,8,0,3,12,36,-2,1,A
18/04/18,Crotone,Juventus,9,13,3,4,1,1,22,75,-2,3,D
18/04/18,Fiorentina,Lazio,13,17,6,8,3,4,44,51,2,3,A
18/04/18,Napoli,Udinese,18,19,9,5,4,2,63,28,3,-5,H
18/04/18,Roma,Genoa,15,5,6,1,2,1,60,32,1,1,H
18/04/18,Sampdoria,Bologna,16,11,2,2,1,0,34,30,0,-1,H
18/04/18,Spal,Chievo,9,6,1,0,0,0,15,28,0,0,D
18/04/18,Torino,Milan,12,9,5,5,1,1,34,41,3,-1,D
18/04/18,Verona,Sassuolo,9,15,2,5,0,1,21,33,-3,1,A
21/04/18,Milan,Benevento,21,5,6,1,0,1,41,14,-1,0,A
21/04/18,Sassuolo,Fiorentina,10,6,6,1,1,0,33,44,2,0,H
21/04/18,Spal,Roma,6,14,3,7,0,3,14,60,-1,1,A
22/04/18,Atalanta,Torino,22,10,8,1,2,1,36,33,1,1,H
22/04/18,Cagliari,Bologna,13,5,2,2,0,0,28,30,-2,-1,D
22/04/18,Chievo,Inter,13,11,6,5,1,2,28,48,-2,1,A
22/04/18,Juventus,Napoli,4,12,0,4,0,1,75,63,2,3,A
22/04/18,Lazio,Sampdoria,15,6,9,2,4,0,52,33,4,0,H
22/04/18,Udinese,Crotone,15,11,6,2,1,2,28,23,-5,0,A
23/04/18,Genoa,Verona,18,13,8,3,3,1,33,20,2,-3,H
28/04/18,Inter,Juventus,10,13,5,4,2,3,47,75,0,2,A
28/04/18,Roma,Chievo,15,12,7,6,4,1,61,28,2,-3,H
29/04/18,Atalanta,Genoa,13,12,6,3,3,1,36,32,3,0,H
29/04/18,Benevento,Udinese,12,15,6,6,3,3,14,28,-1,-4,D
29/04/18,Bologna,Milan,12,9,7,4,1,2,29,41,-2,0,A
29/04/18,Crotone,Sassuolo,11,14,7,6,4,1,24,33,2,1,H
29/04/18,Fiorentina,Napoli,28,4,10,1,3,0,45,63,0,2,H
29/04/18,Sampdoria,Cagliari,15,6,6,2,4,1,34,27,0,-2,H
29/04/18,Torino,Lazio,8,16,2,6,0,1,33,52,-1,4,A
29/04/18,Verona,Spal,11,17,5,6,1,3,20,17,-3,0,A
05/05/18,Juventus,Bologna,15,6,6,3,3,1,75,29,2,-2,H
05/05/18,Milan,Verona,17,8,10,2,4,1,42,20,1,-5,H
06/05/18,Cagliari,Roma,12,9,3,1,0,1,27,61,-2,4,A
06/05/18,Chievo,Crotone,11,13,3,3,2,1,28,24,-1,0,H
06/05/18,Genoa,Fiorentina,7,19,3,10,2,3,32,45,-1,0,A
06/05/18,Lazio,Atalanta,13,20,2,6,1,1,52,36,3,3,D
06/05/18,Napoli,Torino,19,5,5,2,2,2,63,33,1,-2,D
06/05/18,Sassuolo,Sampdoria,18,2,7,0,1,0,34,34,2,-1,H
06/05/18,Spal,Benevento,6,12,4,3,2,0,19,13,1,-1,H
06/05/18,Udinese,Inter,9,26,2,12,0,4,28,48,-4,2,A
12/05/18,Benevento,Genoa,14,13,3,5,1,0,16,32,0,-3,H
12/05/18,Inter,Sassuolo,16,13,8,5,1,2,47,34,1,3,A
13/05/18,Atalanta,Milan,24,5,5,2,1,1,36,41,3,1,D
13/05/18,Bologna,Chievo,7,13,3,7,1,2,29,29,-4,0,A
13/05/18,Crotone,Lazio,6,18,3,7,2,2,24,51,1,3,D
13/05/18,Fiorentina,Cagliari,14,14,0,2,0,1,45,28,-1,-2,A
13/05/18,Roma,Juventus,9,7,2,0,0,0,60,74,4,1,D
13/05/18,Sampdoria,Napoli,11,17,2,9,0,2,33,63,-1,2,A
13/05/18,Torino,Spal,18,10,10,4,2,1,33,18,-1,0,H
13/05/18,Verona,Udinese,11,13,1,5,0,1,20,28,-5,-2,A
19/05/18,Juventus,Verona,26,9,13,3,2,1,75,20,2,-5,H
20/05/18,Cagliari,Atalanta,6,12,4,4,1,0,28,36,0,1,H
20/05/18,Chievo,Benevento,8,12,5,1,1,0,29,15,1,0,H
20/05/18,Genoa,Torino,12,4,2,2,1,2,32,34,-3,0,A
20/05/18,Lazio,Inter,14,15,4,6,2,3,51,48,1,1,A
20/05/18,Milan,Fiorentina,18,9,11,3,5,1,42,44,2,-1,H
20/05/18,Napoli,Crotone,19,9,9,4,2,1,63,23,2,0,H
20/05/18,Sassuolo,Roma,16,15,3,6,0,1,34,61,1,4,A
20/05/18,Spal,Sampdoria,16,9,6,3,3,1,21,33,1,-3,H
20/05/18,Udinese,Bologna,20,8,5,5,1,0,28,28,0,-4,H
18/08/2018,Chievo,Juventus,7,23,2,11,2,3,29,75,1,4,A
18/08/2018,Lazio,Napoli,9,11,5,6,1,2,51,63,-1,2,A
19/08/2018,Bologna,Spal,8,10,3,5,0,1,28,23,-5,3,A
19/08/2018,Empoli,Cagliari,9,12,4,5,2,0,25,28,-1,-1,H
19/08/2018,Parma,Udinese,9,16,6,6,2,2,15,28,-1,1,D
19/08/2018,Sassuolo,Inter,7,11,5,4,1,0,34,47,1,-1,H
19/08/2018,Torino,Roma,8,16,5,13,0,1,34,61,0,4,A
20/08/2018,Atalanta,Frosinone,16,6,10,1,4,0,36,20,1,-4,H
25/08/2018,Juventus,Lazio,14,8,9,3,2,0,75,50,4,-3,H
25/08/2018,Napoli,Milan,21,6,13,4,3,2,64,41,4,2,H
26/08/2018,Cagliari,Sassuolo,12,12,7,6,2,2,28,34,0,2,D
26/08/2018,Fiorentina,Chievo,19,5,15,3,6,1,45,29,1,1,H
26/08/2018,Frosinone,Bologna,11,10,7,5,0,0,20,28,-3,-4,D
26/08/2018,Genoa,Empoli,10,12,4,8,2,1,32,25,-3,-3,H
26/08/2018,Inter,Torino,9,10,6,7,2,2,47,33,0,1,D
26/08/2018,Spal,Parma,15,3,5,0,1,0,25,15,3,-2,H
26/08/2018,Udinese,Sampdoria,13,9,5,4,1,0,29,33,2,-3,H
27/08/2018,Roma,Atalanta,21,17,11,10,3,3,61,36,3,0,D
31/08/2018,Milan,Roma,18,6,9,3,2,1,42,60,2,1,H
01/09/2018,Bologna,Inter,7,10,1,4,0,3,28,47,-4,0,A
01/09/2018,Parma,Juventus,8,20,7,10,1,2,14,75,-2,4,A
02/09/2018,Atalanta,Cagliari,8,4,5,3,0,1,36,29,-1,2,A
02/09/2018,Chievo,Empoli,11,12,5,4,0,0,29,24,0,-2,D
02/09/2018,Fiorentina,Udinese,13,4,4,1,1,0,45,29,1,2,H
02/09/2018,Lazio,Frosinone,17,7,8,5,1,0,51,19,-2,-4,H
02/09/2018,Sampdoria,Napoli,7,12,4,6,3,0,33,63,-3,3,H
02/09/2018,Sassuolo,Genoa,10,11,8,8,5,3,34,32,2,-3,H
02/09/2018,Torino,Spal,10,8,7,3,1,0,34,24,2,1,H
15/09/2018,Frosinone,Sampdoria,6,10,2,7,0,5,19,34,-4,-1,A
15/09/2018,Inter,Parma,24,8,11,6,0,1,47,16,0,-1,A
15/09/2018,Napoli,Fiorentina,19,7,5,3,1,0,63,45,3,-1,H
16/09/2018,Cagliari,Milan,7,12,3,7,1,1,28,41,1,1,D
16/09/2018,Empoli,Lazio,10,16,3,9,0,1,24,51,-2,-1,A
16/09/2018,Genoa,Bologna,10,8,5,2,1,0,32,28,-1,-4,H
16/09/2018,Juventus,Sassuolo,16,10,6,6,2,1,75,34,5,0,H
16/09/2018,Roma,Chievo,15,10,9,5,2,2,60,28,1,-1,D
16/09/2018,Udinese,Torino,7,9,3,4,1,1,28,34,1,1,D
17/09/2018,Spal,Atalanta,13,13,6,4,2,0,26,35,3,-2,H
19/09/2018,Sampdoria,Fiorentina,8,14,4,9,1,1,34,44,0,0,D
21/09/2018,Sassuolo,Empoli,20,16,10,11,3,1,35,24,2,-2,H
22/09/2018,Fiorentina,Spal,15,5,5,2,3,0,45,25,2,1,H
22/09/2018,Parma,Cagliari,14,9,8,3,2,0,18,28,0,-1,H
22/09/2018,Sampdoria,Inter,9,14,4,5,0,1,33,47,0,0,A
23/09/2018,Bologna,Roma,7,20,2,9,2,0,28,59,-2,-1,H
23/09/2018,Chievo,Udinese,10,9,4,7,0,2,28,29,-3,1,A
23/09/2018,Frosinone,Juventus,2,18,0,8,0,2,18,75,-4,5,A
23/09/2018,Lazio,Genoa,16,8,8,4,4,1,51,32,1,-1,H
23/09/2018,Milan,Atalanta,14,13,8,8,2,2,41,35,1,-1,D
23/09/2018,Torino,Napoli,9,13,3,8,1,3,33,64,-1,3,A
25/09/2018,Inter,Fiorentina,11,11,3,8,2,1,48,44,2,0,H
26/09/2018,Atalanta,Torino,11,3,4,0,0,0,35,33,-2,0,D
26/09/2018,Cagliari,Sampdoria,10,10,2,5,0,0,28,33,0,1,D
26/09/2018,Genoa,Chievo,11,8,5,2,2,0,33,28,1,-3,H
26/09/2018,Juventus,Bologna,15,5,9,2,2,0,75,28,5,-2,H
26/09/2018,Napoli,Parma,20,2,8,0,3,0,64,18,3,-1,H
26/09/2018,Roma,Frosinone,18,8,13,3,4,0,60,18,-1,-4,H
26/09/2018,Udinese,Lazio,10,5,6,2,1,2,29,51,0,3,A
27/09/2018,Empoli,Milan,4,16,3,11,1,1,24,41,-3,0,D
27/09/2018,Spal,Sassuolo,6,10,2,5,0,2,25,35,-1,2,A
29/09/2018,Inter,Cagliari,12,4,8,1,2,0,48,28,3,-1,H
29/09/2018,Juventus,Napoli,14,9,9,6,3,1,76,63,5,1,H
29/09/2018,Roma,Lazio,10,11,7,5,3,1,60,51,0,3,H
30/09/2018,Bologna,Udinese,11,10,6,2,2,1,28,28,-1,-2,H
30/09/2018,Chievo,Torino,8,13,3,5,0,1,28,34,-3,1,A
30/09/2018,Fiorentina,Atalanta,6,11,4,4,2,0,45,35,0,-3,H
30/09/2018,Frosinone,Genoa,13,7,6,5,1,2,17,33,-5,1,A
30/09/2018,Parma,Empoli,7,10,3,6,1,0,20,24,1,-3,H
30/09/2018,Sassuolo,Milan,8,10,2,10,1,4,35,41,1,2,A
01/10/2018,Sampdoria,Spal,16,10,9,4,2,1,34,24,1,-3,H
05/10/2018,Torino,Frosinone,15,8,10,4,3,2,34,17,1,-5,H
06/10/2018,Cagliari,Bologna,8,10,5,4,2,0,28,28,-1,-1,H
06/10/2018,Empoli,Roma,11,7,4,4,0,2,23,60,-4,2,A
06/10/2018,Udinese,Juventus,5,13,4,7,0,2,28,76,-2,5,A
07/10/2018,Atalanta,Sampdoria,15,6,6,3,0,1,35,34,-3,1,A
07/10/2018,Genoa,Parma,20,7,13,5,1,3,33,21,1,3,A
07/10/2018,Lazio,Fiorentina,11,10,5,6,1,0,51,45,3,0,H
07/10/2018,Milan,Chievo,14,4,7,2,3,1,42,28,2,-4,H
07/10/2018,Napoli,Sassuolo,12,10,7,7,2,0,64,35,3,-1,H
07/10/2018,Spal,Inter,9,6,6,4,1,2,23,48,-3,3,A
20/10/2018,Juventus,Genoa,13,5,4,2,1,1,75,33,4,0,D
20/10/2018,Roma,Spal,13,5,9,5,0,2,60,25,1,-3,A
20/10/2018,Udinese,Napoli,7,9,4,4,0,3,28,64,-3,3,A
21/10/2018,Bologna,Torino,6,12,3,8,2,2,28,34,0,1,D
21/10/2018,Chievo,Atalanta,3,15,2,8,1,5,28,35,-5,-1,A
21/10/2018,Fiorentina,Cagliari,7,8,3,5,1,1,44,28,0,-1,D
21/10/2018,Frosinone,Empoli,5,15,4,10,3,3,17,23,-4,-3,D
21/10/2018,Inter,Milan,14,9,7,2,1,0,49,41,5,1,H
21/10/2018,Parma,Lazio,3,15,1,9,0,2,21,52,1,3,A
22/10/2018,Sampdoria,Sassuolo,7,7,2,2,0,0,34,34,1,0,D
27/10/2018,Atalanta,Parma,21,9,14,5,3,0,35,20,0,-1,H
27/10/2018,Empoli,Juventus,6,12,4,7,1,2,23,75,-3,4,A
27/10/2018,Torino,Fiorentina,12,8,4,5,1,1,34,44,2,-1,D
28/10/2018,Cagliari,Chievo,12,12,4,5,2,1,29,27,1,-5,H
28/10/2018,Genoa,Udinese,11,11,5,8,2,2,32,28,1,-4,D
28/10/2018,Milan,Sampdoria,8,3,7,2,3,2,42,34,2,1,H
28/10/2018,Napoli,Roma,18,7,6,5,1,1,64,59,2,2,D
28/10/2018,Sassuolo,Bologna,11,10,6,6,2,2,34,28,-1,-1,D
28/10/2018,Spal,Frosinone,10,5,5,4,0,3,25,18,-3,-2,A
29/10/2018,Lazio,Inter,11,13,4,7,0,3,51,49,1,5,A
31/10/2018,Milan,Genoa,19,7,10,2,2,1,42,32,3,-1,H
02/11/2018,Napoli,Empoli,19,8,13,4,5,1,64,23,2,-4,H
03/11/2018,Fiorentina,Roma,11,11,3,6,1,1,44,59,0,1,D
03/11/2018,Inter,Genoa,17,8,10,3,5,0,49,32,5,-3,H
03/11/2018,Juventus,Cagliari,11,4,5,3,3,1,76,28,4,0,H
04/11/2018,Bologna,Atalanta,9,12,5,6,1,2,28,36,-1,1,A
04/11/2018,Chievo,Sassuolo,1,8,1,4,0,2,27,35,-5,-1,A
04/11/2018,Lazio,Spal,18,5,11,3,4,1,52,24,1,-3,H
04/11/2018,Parma,Frosinone,9,9,1,1,0,0,20,18,0,-1,D
04/11/2018,Sampdoria,Torino,10,15,4,8,1,4,33,34,0,3,A
04/11/2018,Udinese,Milan,11,15,4,9,0,1,28,42,-4,3,A
09/11/2018,Frosinone,Fiorentina,5,16,3,10,1,1,18,43,0,-1,D
10/11/2018,Genoa,Napoli,8,13,3,7,1,2,32,64,-3,4,A
10/11/2018,Spal,Cagliari,8,11,4,3,2,2,24,28,-2,1,D
10/11/2018,Torino,Parma,12,11,4,7,1,2,34,22,1,0,A
11/11/2018,Atalanta,Inter,16,6,10,2,4,1,36,49,3,3,H
11/11/2018,Chievo,Bologna,12,12,6,6,2,2,27,27,-4,-2,D
11/11/2018,Empoli,Udinese,9,22,5,9,2,1,23,28,-2,-4,H
11/11/2018,Milan,Juventus,5,12,2,8,0,2,42,76,1,4,A
11/11/2018,Roma,Sampdoria,10,4,6,3,4,1,59,33,1,-2,H
11/11/2018,Sassuolo,Lazio,9,7,4,3,1,1,34,51,0,2,D
24/11/2018,Inter,Frosinone,25,5,14,4,3,0,49,17,3,0,H
24/11/2018,Juventus,Spal,12,8,8,1,2,0,76,23,4,-2,H
24/11/2018,Udinese,Roma,8,23,3,9,1,0,28,59,-2,-1,H
25/11/2018,Bologna,Fiorentina,8,11,4,6,0,0,27,43,-1,0,D
25/11/2018,Empoli,Atalanta,12,8,8,5,3,2,24,36,0,3,H
25/11/2018,Genoa,Sampdoria,10,6,5,2,1,1,32,33,-3,-3,D
25/11/2018,Lazio,Milan,16,9,6,4,1,1,51,42,1,2,D
25/11/2018,Napoli,Chievo,17,7,10,3,0,0,64,27,3,-3,D
25/11/2018,Parma,Sassuolo,10,12,4,5,2,1,23,34,0,0,H
26/11/2018,Cagliari,Torino,3,8,1,5,0,0,28,33,0,0,D
01/12/2018,Fiorentina,Juventus,12,9,7,6,0,3,43,76,-1,5,A
01/12/2018,Sampdoria,Bologna,8,8,6,4,4,1,33,27,-2,-2,H
01/12/2018,Spal,Empoli,9,13,5,8,2,2,23,24,-3,0,D
02/12/2018,Chievo,Lazio,5,19,2,7,1,1,27,51,-2,0,D
02/12/2018,Frosinone,Cagliari,25,18,11,7,1,1,17,28,0,0,D
02/12/2018,Milan,Parma,19,7,6,1,2,1,42,23,2,0,H
02/12/2018,Roma,Inter,15,16,6,7,2,2,59,49,0,2,D
02/12/2018,Sassuolo,Udinese,17,3,3,1,0,0,34,28,0,-1,D
02/12/2018,Torino,Genoa,23,8,10,2,2,1,34,31,1,-4,H
03/12/2018,Atalanta,Napoli,9,9,3,5,1,2,36,64,1,3,A
07/12/2018,Juventus,Inter,14,8,6,4,1,0,76,49,5,0,H
08/12/2018,Cagliari,Roma,10,14,5,7,2,2,27,58,-1,0,D
08/12/2018,Lazio,Sampdoria,20,4,11,3,2,2,50,33,1,-1,D
08/12/2018,Napoli,Frosinone,18,6,10,2,4,0,64,17,4,-2,H
09/12/2018,Empoli,Bologna,9,14,5,8,2,1,24,27,2,-3,H
09/12/2018,Genoa,Spal,6,16,3,7,1,1,31,22,-3,-2,D
09/12/2018,Milan,Torino,11,10,4,4,0,0,42,34,1,1,D
09/12/2018,Parma,Chievo,12,7,7,1,1,1,22,26,1,-1,D
09/12/2018,Sassuolo,Fiorentina,11,11,7,6,3,3,34,43,0,-1,D
09/12/2018,Udinese,Atalanta,5,12,2,4,1,3,28,36,-2,1,A
15/12/2018,Inter,Udinese,15,7,4,1,1,0,49,28,0,-2,H
15/12/2018,Torino,Juventus,5,7,3,4,0,1,33,76,-1,5,A
16/12/2018,Cagliari,Napoli,6,13,2,5,0,1,27,64,-1,4,A
16/12/2018,Fiorentina,Empoli,15,8,9,4,3,1,43,24,0,2,H
16/12/2018,Frosinone,Sassuolo,9,13,3,3,0,2,16,34,-3,0,A
16/12/2018,Roma,Genoa,14,11,7,8,3,2,58,31,1,-3,H
16/12/2018,Sampdoria,Parma,12,2,10,0,2,0,33,22,1,0,H
16/12/2018,Spal,Chievo,10,8,3,6,0,0,22,26,-1,0,D
17/12/2018,Atalanta,Lazio,4,11,2,3,1,0,36,50,1,-1,H
18/12/2018,Bologna,Milan,7,11,6,4,0,0,26,42,-2,0,D
22/12/2018,Chievo,Inter,6,9,3,3,1,1,26,49,0,1,D
22/12/2018,Empoli,Sampdoria,6,15,3,12,2,4,24,34,0,3,A
22/12/2018,Genoa,Atalanta,15,10,7,6,3,1,32,36,-1,-1,H
22/12/2018,Juventus,Roma,15,4,7,4,1,0,76,58,5,-1,H
22/12/2018,Lazio,Cagliari,15,9,10,5,3,1,50,27,0,-2,H
22/12/2018,Milan,Fiorentina,11,7,7,1,0,1,42,43,0,1,A
22/12/2018,Napoli,Spal,15,10,8,6,1,0,64,21,4,-2,H
22/12/2018,Parma,Bologna,7,5,1,2,0,0,21,26,-1,-2,D
22/12/2018,Sassuolo,Torino,11,4,6,3,1,1,34,33,0,0,D
22/12/2018,Udinese,Frosinone,9,10,1,6,1,1,27,16,-1,-3,D
26/12/2018,Atalanta,Juventus,10,10,6,3,2,2,36,76,0,4,D
26/12/2018,Bologna,Lazio,6,11,3,7,0,2,26,51,-3,1,A
26/12/2018,Cagliari,Genoa,12,10,7,4,1,0,28,31,-1,-2,H
26/12/2018,Fiorentina,Parma,16,3,7,2,0,1,43,23,0,-1,A
26/12/2018,Frosinone,Milan,11,16,5,8,0,0,16,41,-2,0,D
26/12/2018,Inter,Napoli,9,9,5,4,1,0,49,64,1,3,H
26/12/2018,Roma,Sassuolo,16,8,10,3,3,1,58,34,1,0,H
26/12/2018,Sampdoria,Chievo,10,7,6,1,2,0,34,26,4,-1,H
26/12/2018,Spal,Udinese,7,3,4,1,0,0,21,27,-1,-2,D
26/12/2018,Torino,Empoli,13,5,10,1,3,0,34,24,1,-2,H
29/12/2018,Chievo,Frosinone,9,12,3,4,1,0,26,15,0,-3,H
29/12/2018,Empoli,Inter,7,7,3,6,0,1,24,49,-3,2,A
29/12/2018,Genoa,Fiorentina,7,8,3,6,0,0,31,43,-1,1,D
29/12/2018,Juventus,Sampdoria,15,7,8,3,2,1,76,34,4,2,H
29/12/2018,Lazio,Torino,10,7,5,6,1,1,50,33,1,0,D
29/12/2018,Milan,Spal,11,9,6,4,2,1,42,21,0,-2,H
29/12/2018,Napoli,Bologna,14,10,9,4,3,2,64,26,3,-3,H
29/12/2018,Parma,Roma,3,19,2,8,0,2,22,59,-1,2,A
29/12/2018,Sassuolo,Atalanta,13,13,8,9,2,6,33,36,-1,2,A
29/12/2018,Udinese,Cagliari,19,4,7,1,2,0,28,27,-1,-2,H
19/01/2019,Inter,Sassuolo,8,11,4,6,0,0,49,33,3,-1,D
19/01/2019,Roma,Torino,11,8,9,3,3,2,59,33,3,-1,H
19/01/2019,Udinese,Parma,17,7,9,4,1,2,27,24,-1,0,A
20/01/2019,Cagliari,Empoli,13,9,3,4,2,2,27,23,-2,-4,D
20/01/2019,Fiorentina,Sampdoria,8,9,4,5,3,3,43,34,1,2,D
20/01/2019,Frosinone,Atalanta,5,14,3,8,0,5,15,37,-3,2,A
20/01/2019,Napoli,Lazio,17,13,13,9,2,1,64,50,3,0,H
20/01/2019,Spal,Bologna,13,12,9,6,1,1,20,26,-2,-2,D
21/01/2019,Genoa,Milan,13,9,7,7,0,2,31,42,-2,1,A
21/01/2019,Juventus,Chievo,19,7,11,3,3,0,76,26,4,-1,H
26/01/2019,Milan,Napoli,12,14,7,8,0,0,42,64,1,2,D
26/01/2019,Sampdoria,Udinese,14,6,9,0,4,0,34,27,2,-1,H
26/01/2019,Sassuolo,Cagliari,11,7,9,3,3,0,34,27,-1,-2,H
27/01/2019,Atalanta,Roma,14,7,6,5,3,3,37,59,1,2,D
27/01/2019,Bologna,Frosinone,8,4,2,4,0,4,25,16,-3,-1,A
27/01/2019,Chievo,Fiorentina,14,11,8,7,3,4,26,43,-2,1,A
27/01/2019,Lazio,Juventus,11,4,5,3,1,2,50,76,0,4,A
27/01/2019,Parma,Spal,9,15,5,6,2,3,23,22,0,-1,A
27/01/2019,Torino,Inter,7,9,4,4,1,0,34,49,1,1,H
28/01/2019,Empoli,Genoa,13,12,7,7,1,3,23,31,-4,0,A
02/02/2019,Empoli,Chievo,11,10,9,4,2,2,23,26,-3,-2,D
02/02/2019,Juventus,Parma,18,11,9,5,3,3,76,23,3,0,D
02/02/2019,Napoli,Sampdoria,18,8,14,2,3,0,64,34,2,0,H
03/02/2019,Genoa,Sassuolo,4,11,2,8,1,1,31,33,-1,-1,D
03/02/2019,Inter,Bologna,12,8,3,7,0,1,48,26,0,-2,A
03/02/2019,Roma,Milan,11,6,9,5,1,1,58,42,3,2,D
03/02/2019,Spal,Torino,8,5,1,1,0,0,21,33,0,1,D
03/02/2019,Udinese,Fiorentina,7,9,2,4,1,1,27,43,-1,0,D
04/02/2019,Cagliari,Atalanta,8,10,2,6,0,1,27,37,-2,3,A
04/02/2019,Frosinone,Lazio,9,11,4,5,0,1,16,50,-2,0,A
07/02/2019,Lazio,Empoli,8,3,4,1,1,0,50,23,0,-3,H
08/02/2019,Chievo,Roma,11,11,6,9,0,3,26,58,-2,3,A
09/02/2019,Fiorentina,Napoli,10,12,4,4,0,0,42,64,1,3,D
09/02/2019,Parma,Inter,6,13,2,7,0,1,23,49,-2,0,A
10/02/2019,Atalanta,Spal,8,5,5,3,2,1,37,21,4,-1,H
10/02/2019,Bologna,Genoa,7,9,4,6,1,1,26,31,-1,0,D
10/02/2019,Milan,Cagliari,17,7,10,3,3,0,42,27,3,-4,H
10/02/2019,Sampdoria,Frosinone,11,3,7,1,0,1,34,18,-2,-1,A
10/02/2019,Sassuolo,Juventus,9,10,2,5,0,3,33,76,-1,4,A
10/02/2019,Torino,Udinese,12,10,7,6,1,0,34,27,1,-2,H
15/02/2019,Juventus,Frosinone,11,7,8,1,3,0,76,17,4,-1,H
16/02/2019,Atalanta,Milan,12,6,5,3,1,3,37,42,2,3,A
16/02/2019,Cagliari,Parma,12,6,3,3,2,1,27,22,-2,-2,H
17/02/2019,Empoli,Sassuolo,7,5,6,2,3,0,23,33,-1,-1,H
17/02/2019,Genoa,Lazio,14,6,6,6,2,1,31,50,1,-1,H
17/02/2019,Inter,Sampdoria,14,6,7,2,2,1,49,34,0,-2,H
17/02/2019,Napoli,Torino,20,6,10,1,0,0,64,34,2,1,D
17/02/2019,Spal,Fiorentina,6,15,4,9,1,4,21,43,-1,2,A
17/02/2019,Udinese,Chievo,11,13,7,9,1,0,27,26,-2,-4,H
18/02/2019,Roma,Bologna,9,14,4,10,2,1,59,26,3,-1,H
22/02/2019,Milan,Empoli,10,4,7,1,3,0,42,23,3,-2,H
23/02/2019,Frosinone,Roma,9,7,5,5,2,3,17,59,-1,3,A
23/02/2019,Torino,Atalanta,11,9,7,4,2,0,34,37,3,0,H
24/02/2019,Bologna,Juventus,13,5,4,4,0,1,25,76,-2,4,A
24/02/2019,Chievo,Genoa,8,6,5,2,0,0,26,31,-3,2,D
24/02/2019,Fiorentina,Inter,10,7,2,6,3,3,42,49,2,0,D
24/02/2019,Parma,Napoli,8,14,2,5,0,4,22,64,-4,2,A
24/02/2019,Sampdoria,Cagliari,9,8,6,1,1,0,34,27,-1,-3,H
24/02/2019,Sassuolo,Spal,6,5,2,3,1,1,33,20,-1,-1,D
01/03/2019,Cagliari,Inter,12,19,5,7,2,1,27,48,-1,0,H
02/03/2019,Empoli,Parma,13,7,9,7,3,3,23,21,-1,-3,D
02/03/2019,Lazio,Roma,6,7,4,3,3,0,50,59,1,2,H
02/03/2019,Milan,Sassuolo,7,11,4,6,1,0,43,33,4,-3,H
03/03/2019,Atalanta,Fiorentina,17,7,10,4,3,1,37,42,1,0,H
03/03/2019,Genoa,Frosinone,10,3,6,0,0,0,31,17,1,-2,D
03/03/2019,Napoli,Juventus,13,4,5,3,1,2,63,77,1,4,A
03/03/2019,Spal,Sampdoria,8,14,2,10,1,2,20,34,-3,-1,A
03/03/2019,Torino,Chievo,9,9,6,5,3,0,34,25,3,-3,H
03/03/2019,Udinese,Bologna,11,11,6,9,2,1,28,25,0,-2,H
08/03/2019,Juventus,Udinese,15,4,6,2,4,1,77,28,5,0,H
09/03/2019,Chievo,Milan,5,9,1,3,1,2,25,43,-4,5,A
09/03/2019,Parma,Genoa,8,8,4,1,1,0,23,31,-2,0,H
10/03/2019,Bologna,Cagliari,17,7,8,6,2,0,26,27,-2,-1,H
10/03/2019,Fiorentina,Lazio,7,7,1,6,1,1,42,50,0,2,D
10/03/2019,Frosinone,Torino,9,10,5,7,1,2,16,35,-2,4,A
10/03/2019,Inter,Spal,10,2,4,1,2,0,49,20,2,-4,H
10/03/2019,Sampdoria,Atalanta,11,13,6,6,1,2,34,38,-1,1,A
10/03/2019,Sassuolo,Napoli,7,9,1,4,1,1,33,63,-3,0,D
11/03/2019,Roma,Empoli,7,4,2,2,2,1,59,23,3,-2,H
15/03/2019,Cagliari,Fiorentina,10,6,6,4,2,1,28,42,1,-1,H
16/03/2019,Sassuolo,Sampdoria,12,17,5,11,3,5,32,35,-3,1,A
16/03/2019,Spal,Roma,10,10,6,5,2,1,21,58,-2,1,H
16/03/2019,Torino,Bologna,16,8,7,6,2,3,35,26,2,-1,A
17/03/2019,Atalanta,Chievo,11,6,6,3,1,1,37,25,0,-3,D
17/03/2019,Empoli,Frosinone,8,9,5,3,2,1,23,16,0,-4,H
17/03/2019,Genoa,Juventus,10,3,5,0,2,0,31,76,1,3,H
17/03/2019,Lazio,Parma,14,4,8,2,4,1,50,22,2,-2,H
17/03/2019,Milan,Inter,9,10,7,6,2,3,43,49,3,2,A
17/03/2019,Napoli,Udinese,13,8,5,3,4,2,63,27,1,-1,H
29/03/2019,Chievo,Cagliari,10,9,8,3,0,3,25,28,-3,1,A
30/03/2019,Juventus,Empoli,14,3,6,0,1,0,76,23,3,-2,H
30/03/2019,Sampdoria,Milan,14,7,8,5,1,0,35,43,3,1,H
30/03/2019,Udinese,Genoa,12,15,5,6,2,0,28,31,1,-1,H
31/03/2019,Bologna,Sassuolo,11,5,8,4,2,1,27,32,1,-3,H
31/03/2019,Fiorentina,Torino,16,6,8,2,1,1,42,34,-2,2,D
31/03/2019,Frosinone,Spal,19,5,9,3,0,1,16,22,-4,0,A
31/03/2019,Inter,Lazio,11,6,6,5,0,1,49,51,0,2,A
31/03/2019,Parma,Atalanta,6,18,4,11,1,3,22,38,-2,2,A
31/03/2019,Roma,Napoli,11,12,5,10,1,4,58,63,-1,2,A
02/04/2019,Cagliari,Juventus,5,11,1,6,0,2,28,76,1,3,A
02/04/2019,Milan,Udinese,12,7,9,3,1,1,42,28,0,0,D
03/04/2019,Empoli,Napoli,13,11,9,5,2,1,24,63,0,0,H
03/04/2019,Frosinone,Parma,14,10,5,6,3,2,17,22,-2,-2,H
03/04/2019,Genoa,Inter,5,12,2,9,0,4,31,49,-2,1,A
03/04/2019,Roma,Fiorentina,12,10,6,5,2,2,58,41,-2,-2,D
03/04/2019,Spal,Lazio,8,9,4,5,1,0,23,50,1,2,H
03/04/2019,Torino,Sampdoria,14,6,6,3,2,1,35,35,2,1,H
04/04/2019,Atalanta,Bologna,12,8,6,4,4,1,38,27,4,1,H
04/04/2019,Sassuolo,Chievo,13,9,8,5,4,0,33,25,-2,-4,H
06/04/2019,Juventus,Milan,10,12,6,5,2,1,77,42,3,-2,H
06/04/2019,Parma,Torino,5,12,1,4,0,0,21,35,-2,1,D
06/04/2019,Sampdoria,Roma,10,9,2,5,0,1,35,58,-1,0,A
07/04/2019,Cagliari,Spal,14,5,11,2,2,1,29,23,1,1,H
07/04/2019,Fiorentina,Frosinone,14,6,5,3,0,1,41,18,-2,-1,A
07/04/2019,Inter,Atalanta,8,5,6,2,0,0,49,38,2,3,D
07/04/2019,Lazio,Sassuolo,18,3,7,2,2,2,50,32,1,-1,D
07/04/2019,Napoli,Genoa,19,12,10,7,1,1,63,31,1,-2,D
07/04/2019,Udinese,Empoli,14,12,6,6,3,2,28,24,0,-1,H
08/04/2019,Bologna,Chievo,14,4,11,2,3,0,27,25,3,-4,H
13/04/2019,Milan,Lazio,10,8,5,6,1,0,42,50,-2,0,H
13/04/2019,Roma,Udinese,11,7,5,4,1,0,58,28,0,0,H
13/04/2019,Spal,Juventus,8,4,3,3,2,1,24,76,3,1,H
14/04/2019,Chievo,Napoli,4,12,4,5,1,3,25,63,-4,2,A
14/04/2019,Fiorentina,Bologna,14,5,7,3,0,0,41,27,-2,2,D
14/04/2019,Frosinone,Inter,10,10,4,5,1,3,18,49,-1,2,A
14/04/2019,Sampdoria,Genoa,13,6,7,1,2,0,35,31,1,-2,H
14/04/2019,Sassuolo,Parma,16,3,8,1,0,0,32,21,-1,-3,D
14/04/2019,Torino,Cagliari,14,9,8,6,1,1,34,28,0,2,D
15/04/2019,Atalanta,Empoli,32,2,18,1,0,0,38,24,2,0,D
17/04/2019,Lazio,Udinese,15,9,7,4,2,0,50,28,0,0,H
20/04/2019,Bologna,Sampdoria,12,9,6,3,3,0,27,35,2,-1,H
20/04/2019,Cagliari,Frosinone,12,5,6,2,1,0,29,18,2,-1,H
20/04/2019,Empoli,Spal,11,9,6,7,2,4,23,25,-2,3,A
20/04/2019,Genoa,Torino,8,8,4,4,0,1,30,35,-4,2,A
20/04/2019,Inter,Roma,13,9,7,5,1,1,49,58,1,1,D
20/04/2019,Juventus,Fiorentina,9,9,5,6,2,1,76,41,3,-2,H
20/04/2019,Lazio,Chievo,16,8,8,6,1,2,50,25,-2,-3,A
20/04/2019,Parma,Milan,10,8,3,3,1,1,21,42,-2,-1,D
20/04/2019,Udinese,Sassuolo,10,6,5,2,1,1,28,32,-1,0,D
22/04/2019,Napoli,Atalanta,13,11,9,7,1,2,63,38,0,3,A
27/04/2019,Bologna,Empoli,17,4,7,3,3,1,28,23,2,-2,H
27/04/2019,Inter,Juventus,10,10,6,4,1,1,48,76,2,2,D
27/04/2019,Roma,Cagliari,15,4,11,1,3,0,58,29,3,0,H
28/04/2019,Chievo,Parma,6,6,2,2,1,1,25,20,-2,-1,D
28/04/2019,Frosinone,Napoli,13,19,4,13,0,2,18,63,-1,0,A
28/04/2019,Sampdoria,Lazio,7,10,5,5,1,2,34,50,-3,0,A
28/04/2019,Spal,Genoa,11,11,5,5,1,1,25,30,2,-3,D
28/04/2019,Torino,Milan,7,7,3,5,2,0,35,42,3,-1,H
29/04/2019,Atalanta,Udinese,13,4,8,2,2,0,38,28,3,-2,H
29/04/2019,Fiorentina,Sassuolo,7,9,4,5,0,1,40,32,-3,2,A
03/05/2019,Juventus,Torino,11,9,4,2,1,1,75,35,1,2,D
04/05/2019,Chievo,Spal,8,14,3,8,0,4,25,26,-2,2,A
04/05/2019,Udinese,Inter,3,11,3,4,0,0,27,48,-3,1,D
05/05/2019,Empoli,Fiorentina,6,20,4,11,1,0,24,40,-2,-4,H
05/05/2019,Genoa,Roma,13,11,6,5,1,1,30,58,-2,3,D
05/05/2019,Lazio,Atalanta,7,10,5,6,1,3,50,39,-1,3,A
05/05/2019,Napoli,Cagliari,17,4,8,2,2,1,63,28,2,0,H
05/05/2019,Parma,Sampdoria,9,14,6,10,3,3,20,34,0,-2,D
05/05/2019,Sassuolo,Frosinone,14,5,5,3,2,2,32,17,1,-2,D
06/05/2019,Milan,Bologna,13,14,5,7,2,1,42,28,0,2,H
11/05/2019,Atalanta,Genoa,8,13,4,3,2,1,39,30,4,-3,H
11/05/2019,Cagliari,Lazio,14,10,6,5,1,2,28,50,-2,1,A
11/05/2019,Fiorentina,Milan,8,10,3,5,0,1,40,43,-4,2,A
12/05/2019,Frosinone,Udinese,13,11,5,8,1,3,17,28,-4,-1,A
12/05/2019,Roma,Juventus,9,5,4,4,2,0,58,75,3,-1,H
12/05/2019,Sampdoria,Empoli,11,5,7,4,1,2,34,24,-2,0,A
12/05/2019,Spal,Napoli,10,17,5,8,1,2,25,63,2,3,A
12/05/2019,Torino,Sassuolo,17,7,11,3,3,2,35,32,3,0,H
13/05/2019,Bologna,Parma,15,3,10,1,4,1,28,20,2,-1,H
13/05/2019,Inter,Chievo,16,3,11,0,2,0,48,25,2,-2,H
18/05/2019,Genoa,Cagliari,16,4,9,3,1,1,30,28,-2,-2,D
18/05/2019,Sassuolo,Roma,9,17,3,6,0,0,32,58,0,2,D
18/05/2019,Udinese,Spal,10,12,4,5,3,2,28,25,1,0,H
19/05/2019,Chievo,Sampdoria,4,9,1,6,0,0,24,34,-1,-3,D
19/05/2019,Empoli,Torino,11,10,9,6,4,1,25,35,1,2,H
19/05/2019,Juventus,Atalanta,11,11,4,7,1,1,75,39,0,4,D
19/05/2019,Milan,Frosinone,9,6,3,2,2,0,43,17,2,-4,H
19/05/2019,Napoli,Inter,14,10,6,7,4,1,63,48,3,0,H
19/05/2019,Parma,Fiorentina,9,12,5,6,1,0,21,40,0,-5,H
20/05/2019,Lazio,Bologna,10,13,5,6,3,3,50,28,0,2,D
25/05/2019,Bologna,Napoli,10,15,5,8,3,2,28,63,2,3,H
25/05/2019,Frosinone,Chievo,10,2,5,2,0,0,17,24,-3,-2,D
26/05/2019,Atalanta,Sassuolo,13,4,5,3,3,1,39,32,4,-1,H
26/05/2019,Cagliari,Udinese,12,9,5,5,1,2,28,28,-4,2,A
26/05/2019,Fiorentina,Genoa,5,2,5,1,0,0,40,30,-4,-1,D
26/05/2019,Inter,Empoli,20,9,15,5,2,1,48,25,1,1,H
26/05/2019,Roma,Parma,16,9,8,5,2,1,58,21,3,-1,H
26/05/2019,Sampdoria,Juventus,10,6,3,1,2,0,34,74,-1,-2,H
26/05/2019,Spal,Milan,7,16,4,8,2,3,25,43,-2,3,A
26/05/2019,Torino,Lazio,9,9,7,4,3,1,35,50,2,0,H
